Coordenada X (m);Coordenada Y (m);Processo N.º;Parque Eólico;Sub-Parque;Licenciamento;Concelho;Distrito;NUT II;Inspire ID;Thematic ID;x;y
"-11 262,8";"92 561,85";663;ALTO DE MONÇÃO; ;Licenciado;Mortágua;Viseu;Centro;IDDGEG_CE_1116;IDDGEG_InfraestruturasEnergeticas;"-11 262,8";"92 561,849"
"-11 055,16";"92 737,28";663;ALTO DE MONÇÃO; ;Licenciado;Mortágua;Viseu;Centro;IDDGEG_CE_1115;IDDGEG_InfraestruturasEnergeticas;"-11 055,165";"92 737,28"
"-10 882,48";"92 948,44";663;ALTO DE MONÇÃO; ;Licenciado;Mortágua;Viseu;Centro;IDDGEG_CE_1114;IDDGEG_InfraestruturasEnergeticas;"-10 882,485";"92 948,441"
"-10 712,35";"93 135,28";663;ALTO DE MONÇÃO; ;Licenciado;Mortágua;Viseu;Centro;IDDGEG_CE_1113;IDDGEG_InfraestruturasEnergeticas;"-10 712,352";"93 135,281"
"-7931,54";"95 324,21";663;ALTO DE MONÇÃO; ;Licenciado;Tondela;Viseu;Centro;IDDGEG_CE_1104;IDDGEG_InfraestruturasEnergeticas;"-7931,539";"95 324,209"
"-9337,98";"93 399,46";663;ALTO DE MONÇÃO; ;Licenciado;Mortágua;Viseu;Centro;IDDGEG_CE_1112;IDDGEG_InfraestruturasEnergeticas;"-9337,975";"93 399,456"
"-8775,27";"93 578,62";663;ALTO DE MONÇÃO; ;Licenciado;Mortágua;Viseu;Centro;IDDGEG_CE_1111;IDDGEG_InfraestruturasEnergeticas;"-8775,268";"93 578,62"
"-8539,48";"93 764,53";663;ALTO DE MONÇÃO; ;Licenciado;Mortágua;Viseu;Centro;IDDGEG_CE_1110;IDDGEG_InfraestruturasEnergeticas;"-8539,477";"93 764,53"
"-8454,98";"93 928,43";663;ALTO DE MONÇÃO; ;Licenciado;Mortágua;Viseu;Centro;IDDGEG_CE_1109;IDDGEG_InfraestruturasEnergeticas;"-8454,98";"93 928,425"
"-8425,47";"94 104,92";663;ALTO DE MONÇÃO; ;Licenciado;Mortágua;Viseu;Centro;IDDGEG_CE_1108;IDDGEG_InfraestruturasEnergeticas;"-8425,471";"94 104,921"
"-8285,28";"94 338,09";663;ALTO DE MONÇÃO; ;Licenciado;Tondela;Viseu;Centro;IDDGEG_CE_1107;IDDGEG_InfraestruturasEnergeticas;"-8285,281";"94 338,093"
"-8282,56";"94 594,62";663;ALTO DE MONÇÃO; ;Licenciado;Tondela;Viseu;Centro;IDDGEG_CE_1106;IDDGEG_InfraestruturasEnergeticas;"-8282,565";"94 594,616"
"-8021,72";"95 160,82";663;ALTO DE MONÇÃO; ;Licenciado;Tondela;Viseu;Centro;IDDGEG_CE_1105;IDDGEG_InfraestruturasEnergeticas;"-8021,718";"95 160,821"
"-11 484,88";"91 986,1";663;ALTO DE MONÇÃO; ;Licenciado;Mortágua;Viseu;Centro;IDDGEG_CE_1119;IDDGEG_InfraestruturasEnergeticas;"-11 484,881";"91 986,104"
"-11 437,17";"92 177,62";663;ALTO DE MONÇÃO; ;Licenciado;Mortágua;Viseu;Centro;IDDGEG_CE_1118;IDDGEG_InfraestruturasEnergeticas;"-11 437,172";"92 177,622"
"-11 429,2";"92 366,54";663;ALTO DE MONÇÃO; ;Licenciado;Mortágua;Viseu;Centro;IDDGEG_CE_1117;IDDGEG_InfraestruturasEnergeticas;"-11 429,202";"92 366,541"
"-1297,98";"126 721,88";825;ARADA / MONTEMURO; ;Licenciado;São Pedro do Sul;Viseu;Centro;IDDGEG_CE_1040;IDDGEG_InfraestruturasEnergeticas;"-1297,976";"126 721,877"
"-907,38";"126 690,16";825;ARADA / MONTEMURO; ;Licenciado;São Pedro do Sul;Viseu;Centro;IDDGEG_CE_1041;IDDGEG_InfraestruturasEnergeticas;"-907,382";"126 690,163"
"-4930,34";"130 297,37";825;ARADA / MONTEMURO; ;Licenciado;São Pedro do Sul;Viseu;Centro;IDDGEG_CE_1048;IDDGEG_InfraestruturasEnergeticas;"-4930,345";"130 297,368"
"-5079,79";"129 977,44";825;ARADA / MONTEMURO; ;Licenciado;São Pedro do Sul;Viseu;Centro;IDDGEG_CE_1049;IDDGEG_InfraestruturasEnergeticas;"-5079,793";"129 977,443"
"-4724";"129 859,11";825;ARADA / MONTEMURO; ;Licenciado;São Pedro do Sul;Viseu;Centro;IDDGEG_CE_1050;IDDGEG_InfraestruturasEnergeticas;"-4724,005";"129 859,109"
"-4308,1";"129 914,79";825;ARADA / MONTEMURO; ;Licenciado;São Pedro do Sul;Viseu;Centro;IDDGEG_CE_1051;IDDGEG_InfraestruturasEnergeticas;"-4308,096";"129 914,787"
"-3981,32";"129 624,1";825;ARADA / MONTEMURO; ;Licenciado;São Pedro do Sul;Viseu;Centro;IDDGEG_CE_1056;IDDGEG_InfraestruturasEnergeticas;"-3981,316";"129 624,098"
"-3761,72";"129 563,16";825;ARADA / MONTEMURO; ;Licenciado;São Pedro do Sul;Viseu;Centro;IDDGEG_CE_1057;IDDGEG_InfraestruturasEnergeticas;"-3761,715";"129 563,156"
"-3292,48";"129 074,41";825;ARADA / MONTEMURO; ;Licenciado;São Pedro do Sul;Viseu;Centro;IDDGEG_CE_1058;IDDGEG_InfraestruturasEnergeticas;"-3292,483";"129 074,405"
"-3138,14";"128 840,91";825;ARADA / MONTEMURO; ;Licenciado;São Pedro do Sul;Viseu;Centro;IDDGEG_CE_1059;IDDGEG_InfraestruturasEnergeticas;"-3138,136";"128 840,909"
"-2641";"128 271,58";825;ARADA / MONTEMURO; ;Licenciado;São Pedro do Sul;Viseu;Centro;IDDGEG_CE_1062;IDDGEG_InfraestruturasEnergeticas;"-2640,997";"128 271,581"
"-3230,41";"128 481,34";825;ARADA / MONTEMURO; ;Licenciado;São Pedro do Sul;Viseu;Centro;IDDGEG_CE_1060;IDDGEG_InfraestruturasEnergeticas;"-3230,407";"128 481,338"
"-2490,21";"128 601,24";825;ARADA / MONTEMURO; ;Licenciado;São Pedro do Sul;Viseu;Centro;IDDGEG_CE_1061;IDDGEG_InfraestruturasEnergeticas;"-2490,214";"128 601,238"
"-4096,91";"129 817,78";825;ARADA / MONTEMURO; ;Licenciado;São Pedro do Sul;Viseu;Centro;IDDGEG_CE_1052;IDDGEG_InfraestruturasEnergeticas;"-4096,909";"129 817,783"
"-2211,4";"128 697,65";825;ARADA / MONTEMURO;;Em licenciamento;São Pedro do Sul;Viseu;Centro;IDDGEG_CE_3152;IDDGEG_InfraestruturasEnergeticas;"-2211,399";"128 697,647"
"-3413,5";"129 278,98";825;ARADA / MONTEMURO; ;Licenciado;São Pedro do Sul;Viseu;Centro;IDDGEG_CE_99;IDDGEG_InfraestruturasEnergeticas;"-3413,503";"129 278,983"
"-3023,71";"128 381,84";825;ARADA / MONTEMURO; ;Licenciado;São Pedro do Sul;Viseu;Centro;IDDGEG_CE_1903;IDDGEG_InfraestruturasEnergeticas;"-3023,707";"128 381,844"
"-3587,79";"129 412,81";825;ARADA / MONTEMURO; ;Licenciado;São Pedro do Sul;Viseu;Centro;IDDGEG_CE_1902;IDDGEG_InfraestruturasEnergeticas;"-3587,793";"129 412,813"
"-2715,4";"128 794,64";825;ARADA / MONTEMURO;;Em licenciamento;São Pedro do Sul;Viseu;Centro;IDDGEG_CE_3153;IDDGEG_InfraestruturasEnergeticas;"-2715,396";"128 794,637"
"-1333,04";"127 993,77";825;ARADA / MONTEMURO; ;Licenciado;São Pedro do Sul;Viseu;Centro;IDDGEG_CE_1032;IDDGEG_InfraestruturasEnergeticas;"-1333,043";"127 993,767"
"-894,97";"127 960,2";825;ARADA / MONTEMURO; ;Licenciado;São Pedro do Sul;Viseu;Centro;IDDGEG_CE_1033;IDDGEG_InfraestruturasEnergeticas;"-894,974";"127 960,205"
"-566,72";"127 885,29";825;ARADA / MONTEMURO; ;Licenciado;São Pedro do Sul;Viseu;Centro;IDDGEG_CE_1034;IDDGEG_InfraestruturasEnergeticas;"-566,718";"127 885,286"
"-276,77";"127 805,64";825;ARADA / MONTEMURO; ;Licenciado;São Pedro do Sul;Viseu;Centro;IDDGEG_CE_1035;IDDGEG_InfraestruturasEnergeticas;"-276,774";"127 805,644"
"-1183,16";"127 487,69";825;ARADA / MONTEMURO; ;Licenciado;São Pedro do Sul;Viseu;Centro;IDDGEG_CE_1036;IDDGEG_InfraestruturasEnergeticas;"-1183,156";"127 487,685"
"-1454,01";"127 181,29";825;ARADA / MONTEMURO; ;Licenciado;São Pedro do Sul;Viseu;Centro;IDDGEG_CE_1037;IDDGEG_InfraestruturasEnergeticas;"-1454,015";"127 181,287"
"-464,02";"127 412,66";825;ARADA / MONTEMURO; ;Licenciado;São Pedro do Sul;Viseu;Centro;IDDGEG_CE_1038;IDDGEG_InfraestruturasEnergeticas;"-464,018";"127 412,662"
"-873,65";"127 128,44";825;ARADA / MONTEMURO; ;Licenciado;São Pedro do Sul;Viseu;Centro;IDDGEG_CE_1039;IDDGEG_InfraestruturasEnergeticas;"-873,654";"127 128,442"
"61 902,31";"116 754,04";1328;BEIRA INTERIOR;;Licenciado;Trancoso;Guarda;Centro;IDDGEG_CE_3189;IDDGEG_InfraestruturasEnergeticas;"61 902,311";"116 754,039"
"66 126,07";"128 045,04";1328;BEIRA INTERIOR;;Licenciado;Trancoso;Guarda;Centro;IDDGEG_CE_3199;IDDGEG_InfraestruturasEnergeticas;"66 126,067";"128 045,043"
"65 856,07";"127 723,04";1328;BEIRA INTERIOR;;Licenciado;Trancoso;Guarda;Centro;IDDGEG_CE_3198;IDDGEG_InfraestruturasEnergeticas;"65 856,075";"127 723,04"
"65 625,09";"127 077,04";1328;BEIRA INTERIOR;;Licenciado;Trancoso;Guarda;Centro;IDDGEG_CE_3196;IDDGEG_InfraestruturasEnergeticas;"65 625,089";"127 077,04"
"66 161,08";"127 301,05";1328;BEIRA INTERIOR;;Licenciado;Trancoso;Guarda;Centro;IDDGEG_CE_3195;IDDGEG_InfraestruturasEnergeticas;"66 161,081";"127 301,048"
"66 221,09";"127 049,05";1328;BEIRA INTERIOR;;Licenciado;Trancoso;Guarda;Centro;IDDGEG_CE_3194;IDDGEG_InfraestruturasEnergeticas;"66 221,085";"127 049,051"
"66 116,09";"126 743,05";1328;BEIRA INTERIOR;;Licenciado;Trancoso;Guarda;Centro;IDDGEG_CE_3193;IDDGEG_InfraestruturasEnergeticas;"66 116,092";"126 743,051"
"66 035,1";"126 448,05";1328;BEIRA INTERIOR;;Licenciado;Trancoso;Guarda;Centro;IDDGEG_CE_3192;IDDGEG_InfraestruturasEnergeticas;"66 035,098";"126 448,052"
"66 033,1";"126 139,05";1328;BEIRA INTERIOR;;Licenciado;Trancoso;Guarda;Centro;IDDGEG_CE_3191;IDDGEG_InfraestruturasEnergeticas;"66 033,104";"126 139,054"
"65 909,11";"125 822,05";1328;BEIRA INTERIOR;;Licenciado;Trancoso;Guarda;Centro;IDDGEG_CE_3190;IDDGEG_InfraestruturasEnergeticas;"65 909,111";"125 822,054"
"61 868,31";"117 036,04";1328;BEIRA INTERIOR;;Licenciado;Trancoso;Guarda;Centro;IDDGEG_CE_3188;IDDGEG_InfraestruturasEnergeticas;"61 868,306";"117 036,036"
"61 044,29";"118 382,01";1328;BEIRA INTERIOR;;Licenciado;Trancoso;Guarda;Centro;IDDGEG_CE_3187;IDDGEG_InfraestruturasEnergeticas;"61 044,286";"118 382,011"
"61 320,28";"118 682,01";1328;BEIRA INTERIOR;;Licenciado;Trancoso;Guarda;Centro;IDDGEG_CE_3186;IDDGEG_InfraestruturasEnergeticas;"61 320,278";"118 682,014"
"62 094,29";"117 801,04";1328;BEIRA INTERIOR;;Licenciado;Trancoso;Guarda;Centro;IDDGEG_CE_3185;IDDGEG_InfraestruturasEnergeticas;"62 094,29";"117 801,035"
"61 902,29";"118 021,03";1328;BEIRA INTERIOR;;Licenciado;Trancoso;Guarda;Centro;IDDGEG_CE_3184;IDDGEG_InfraestruturasEnergeticas;"61 902,287";"118 021,03"
"62 230,28";"118 390,03";1328;BEIRA INTERIOR;;Licenciado;Trancoso;Guarda;Centro;IDDGEG_CE_3183;IDDGEG_InfraestruturasEnergeticas;"62 230,278";"118 390,034"
"61 946,28";"118 581,03";1328;BEIRA INTERIOR;;Licenciado;Trancoso;Guarda;Centro;IDDGEG_CE_3182;IDDGEG_InfraestruturasEnergeticas;"61 946,276";"118 581,027"
"62 058,27";"118 935,03";1328;BEIRA INTERIOR;;Licenciado;Trancoso;Guarda;Centro;IDDGEG_CE_3181;IDDGEG_InfraestruturasEnergeticas;"62 058,268";"118 935,027"
"61 913,26";"119 197,02";1328;BEIRA INTERIOR;;Licenciado;Trancoso;Guarda;Centro;IDDGEG_CE_3180;IDDGEG_InfraestruturasEnergeticas;"61 913,264";"119 197,022"
"62 414,07";"129 035,96";1328;BEIRA INTERIOR;;Licenciado;Trancoso;Guarda;Centro;IDDGEG_CE_3179;IDDGEG_InfraestruturasEnergeticas;"62 414,073";"129 035,965"
"62 408,07";"129 383,96";1328;BEIRA INTERIOR;;Licenciado;Trancoso;Guarda;Centro;IDDGEG_CE_3178;IDDGEG_InfraestruturasEnergeticas;"62 408,066";"129 383,962"
"63 284,06";"129 552,98";1328;BEIRA INTERIOR;;Licenciado;Trancoso;Guarda;Centro;IDDGEG_CE_3177;IDDGEG_InfraestruturasEnergeticas;"63 284,057";"129 552,978"
"63 136,05";"129 851,97";1328;BEIRA INTERIOR;;Licenciado;Trancoso;Guarda;Centro;IDDGEG_CE_3176;IDDGEG_InfraestruturasEnergeticas;"63 136,053";"129 851,973"
"63 353,04";"130 192,97";1328;BEIRA INTERIOR;;Licenciado;Trancoso;Guarda;Centro;IDDGEG_CE_3175;IDDGEG_InfraestruturasEnergeticas;"63 353,044";"130 192,975"
"66 178,08";"127 583,05";1328;BEIRA INTERIOR;;Licenciado;Trancoso;Guarda;Centro;IDDGEG_CE_3197;IDDGEG_InfraestruturasEnergeticas;"66 178,075";"127 583,047"
"31 989,5";"64 640,82";1064;BEIRAS; ;Licenciado;Seia;Guarda;Centro;IDDGEG_CE_2279;IDDGEG_InfraestruturasEnergeticas;"31 989,503";"64 640,824"
"30 620,09";"66 229,83";1064;BEIRAS; ;Licenciado;Seia;Guarda;Centro;IDDGEG_CE_2291;IDDGEG_InfraestruturasEnergeticas;"30 620,087";"66 229,832"
"32 362,9";"65 262,16";1064;BEIRAS; ;Licenciado;Seia;Guarda;Centro;IDDGEG_CE_2282;IDDGEG_InfraestruturasEnergeticas;"32 362,904";"65 262,159"
"31 485,37";"64 168,27";1064;BEIRAS; ;Licenciado;Seia;Guarda;Centro;IDDGEG_CE_2286;IDDGEG_InfraestruturasEnergeticas;"31 485,37";"64 168,271"
"31 644,35";"64 328,14";1064;BEIRAS; ;Licenciado;Seia;Guarda;Centro;IDDGEG_CE_2285;IDDGEG_InfraestruturasEnergeticas;"31 644,352";"64 328,142"
"31 819,51";"64 460,82";1064;BEIRAS; ;Licenciado;Seia;Guarda;Centro;IDDGEG_CE_2278;IDDGEG_InfraestruturasEnergeticas;"31 819,507";"64 460,822"
"26 252,69";"65 784,95";1064;BEIRAS; ;Licenciado;Arganil;Coimbra;Centro;IDDGEG_CE_2311;IDDGEG_InfraestruturasEnergeticas;"26 252,689";"65 784,953"
"32 128,97";"64 830,16";1064;BEIRAS; ;Licenciado;Seia;Guarda;Centro;IDDGEG_CE_2284;IDDGEG_InfraestruturasEnergeticas;"32 128,974";"64 830,165"
"30 524,75";"65 996,87";1064;BEIRAS; ;Licenciado;Seia;Guarda;Centro;IDDGEG_CE_2280;IDDGEG_InfraestruturasEnergeticas;"30 524,749";"65 996,875"
"32 439,78";"65 469,57";1064;BEIRAS; ;Licenciado;Seia;Guarda;Centro;IDDGEG_CE_2281;IDDGEG_InfraestruturasEnergeticas;"32 439,783";"65 469,569"
"32 305,77";"65 049,09";1064;BEIRAS; ;Licenciado;Seia;Guarda;Centro;IDDGEG_CE_2283;IDDGEG_InfraestruturasEnergeticas;"32 305,766";"65 049,086"
"26 171,26";"66 145,63";1064;BEIRAS; ;Licenciado;Seia;Guarda;Centro;IDDGEG_CE_2314;IDDGEG_InfraestruturasEnergeticas;"26 171,257";"66 145,634"
"25 508,39";"64 301,7";1064;BEIRAS; ;Licenciado;Arganil;Coimbra;Centro;IDDGEG_CE_2313;IDDGEG_InfraestruturasEnergeticas;"25 508,391";"64 301,704"
"25 504,72";"64 583,07";1064;BEIRAS; ;Licenciado;Arganil;Coimbra;Centro;IDDGEG_CE_2312;IDDGEG_InfraestruturasEnergeticas;"25 504,72";"64 583,071"
"-5230,72";"98 582,83";735;CADRAÇO; ;Licenciado;Tondela;Viseu;Centro;IDDGEG_CE_1103;IDDGEG_InfraestruturasEnergeticas;"-5230,725";"98 582,834"
"-4885,16";"130 718,14";417;CANDAL/COELHEIRA; ;Licenciado;São Pedro do Sul;Viseu;Centro;IDDGEG_CE_1042;IDDGEG_InfraestruturasEnergeticas;"-4885,158";"130 718,141"
"-4575,87";"130 623,71";417;CANDAL/COELHEIRA; ;Licenciado;São Pedro do Sul;Viseu;Centro;IDDGEG_CE_1043;IDDGEG_InfraestruturasEnergeticas;"-4575,867";"130 623,712"
"-4289,39";"130 611,69";417;CANDAL/COELHEIRA; ;Licenciado;São Pedro do Sul;Viseu;Centro;IDDGEG_CE_1044;IDDGEG_InfraestruturasEnergeticas;"-4289,392";"130 611,689"
"-3996,05";"130 335,84";417;CANDAL/COELHEIRA; ;Licenciado;São Pedro do Sul;Viseu;Centro;IDDGEG_CE_1045;IDDGEG_InfraestruturasEnergeticas;"-3996,053";"130 335,841"
"-3784,29";"130 257,9";417;CANDAL/COELHEIRA; ;Licenciado;São Pedro do Sul;Viseu;Centro;IDDGEG_CE_1046;IDDGEG_InfraestruturasEnergeticas;"-3784,292";"130 257,899"
"-3604,09";"130 086,62";417;CANDAL/COELHEIRA; ;Licenciado;São Pedro do Sul;Viseu;Centro;IDDGEG_CE_1047;IDDGEG_InfraestruturasEnergeticas;"-3604,091";"130 086,621"
"-3415,55";"129 969,8";417;CANDAL/COELHEIRA; ;Licenciado;São Pedro do Sul;Viseu;Centro;IDDGEG_CE_1053;IDDGEG_InfraestruturasEnergeticas;"-3415,552";"129 969,803"
"-3203,28";"129 879,48";417;CANDAL/COELHEIRA; ;Licenciado;São Pedro do Sul;Viseu;Centro;IDDGEG_CE_1054;IDDGEG_InfraestruturasEnergeticas;"-3203,279";"129 879,484"
"-3005,45";"129 865,17";417;CANDAL/COELHEIRA; ;Licenciado;São Pedro do Sul;Viseu;Centro;IDDGEG_CE_1055;IDDGEG_InfraestruturasEnergeticas;"-3005,449";"129 865,166"
"-4170,88";"130 465,46";417;CANDAL/COELHEIRA; ;Licenciado;São Pedro do Sul;Viseu;Centro;IDDGEG_CE_1918;IDDGEG_InfraestruturasEnergeticas;"-4170,878";"130 465,462"
"1846,82";"129 004,92";417-S;CANDAL/COELHEIRA;;Licenciado;São Pedro do Sul;Viseu;Centro;IDDGEG_CE_3545;IDDGEG_InfraestruturasEnergeticas;"1846,817";"129 004,916"
"2132,02";"128 832,87";417-S;CANDAL/COELHEIRA;;Licenciado;São Pedro do Sul;Viseu;Centro;IDDGEG_CE_3546;IDDGEG_InfraestruturasEnergeticas;"2132,019";"128 832,865"
"838,08";"129 013,08";417;CANDAL/COELHEIRA; ;Em licenciamento;São Pedro do Sul;Viseu;Centro;IDDGEG_CE_1917;IDDGEG_InfraestruturasEnergeticas;"838,082";"129 013,075"
"658,84";"128 760,02";417;CANDAL/COELHEIRA; ;Em licenciamento;São Pedro do Sul;Viseu;Centro;IDDGEG_CE_740;IDDGEG_InfraestruturasEnergeticas;"658,844";"128 760,022"
"1379,33";"128 988,48";417;CANDAL/COELHEIRA; ;Em licenciamento;São Pedro do Sul;Viseu;Centro;IDDGEG_CE_739;IDDGEG_InfraestruturasEnergeticas;"1379,329";"128 988,484"
"1108,71";"129 023,62";417;CANDAL/COELHEIRA; ;Em licenciamento;São Pedro do Sul;Viseu;Centro;IDDGEG_CE_738;IDDGEG_InfraestruturasEnergeticas;"1108,705";"129 023,624"
"-1623";"130 709,19";417;CANDAL/COELHEIRA; ;Licenciado;São Pedro do Sul;Viseu;Centro;IDDGEG_CE_1022;IDDGEG_InfraestruturasEnergeticas;"-1622,995";"130 709,193"
"-1776,86";"130 535,23";417;CANDAL/COELHEIRA; ;Licenciado;São Pedro do Sul;Viseu;Centro;IDDGEG_CE_1023;IDDGEG_InfraestruturasEnergeticas;"-1776,863";"130 535,227"
"-1308,4";"130 707,36";417;CANDAL/COELHEIRA; ;Licenciado;São Pedro do Sul;Viseu;Centro;IDDGEG_CE_1024;IDDGEG_InfraestruturasEnergeticas;"-1308,402";"130 707,356"
"-1163,3";"130 542,66";417;CANDAL/COELHEIRA; ;Licenciado;São Pedro do Sul;Viseu;Centro;IDDGEG_CE_1025;IDDGEG_InfraestruturasEnergeticas;"-1163,295";"130 542,662"
"-951,59";"130 414,78";417;CANDAL/COELHEIRA; ;Licenciado;São Pedro do Sul;Viseu;Centro;IDDGEG_CE_1026;IDDGEG_InfraestruturasEnergeticas;"-951,587";"130 414,78"
"-799,2";"130 272,52";417;CANDAL/COELHEIRA; ;Licenciado;São Pedro do Sul;Viseu;Centro;IDDGEG_CE_1027;IDDGEG_InfraestruturasEnergeticas;"-799,2";"130 272,522"
"-747,32";"129 991,34";417;CANDAL/COELHEIRA; ;Licenciado;São Pedro do Sul;Viseu;Centro;IDDGEG_CE_1028;IDDGEG_InfraestruturasEnergeticas;"-747,323";"129 991,344"
"-583,15";"129 865,13";417;CANDAL/COELHEIRA; ;Licenciado;São Pedro do Sul;Viseu;Centro;IDDGEG_CE_1029;IDDGEG_InfraestruturasEnergeticas;"-583,154";"129 865,125"
"-190,01";"129 393,58";417;CANDAL/COELHEIRA; ;Licenciado;São Pedro do Sul;Viseu;Centro;IDDGEG_CE_1030;IDDGEG_InfraestruturasEnergeticas;"-190,013";"129 393,583"
"-49,45";"129 184,3";417;CANDAL/COELHEIRA; ;Licenciado;São Pedro do Sul;Viseu;Centro;IDDGEG_CE_1031;IDDGEG_InfraestruturasEnergeticas;"-49,447";"129 184,303"
"-6340,01";"101 645,85";687;CARAMULO; ;Licenciado;Oliveira de Frades;Viseu;Centro;IDDGEG_CE_83;IDDGEG_InfraestruturasEnergeticas;"-6340,015";"101 645,846"
"453,36";"108 334,93";687;CARAMULO; ;Licenciado;Vouzela;Viseu;Centro;IDDGEG_CE_84;IDDGEG_InfraestruturasEnergeticas;"453,362";"108 334,928"
"613,33";"108 629,93";687;CARAMULO; ;Licenciado;Vouzela;Viseu;Centro;IDDGEG_CE_85;IDDGEG_InfraestruturasEnergeticas;"613,335";"108 629,929"
"1551,58";"109 027,05";687;CARAMULO; ;Licenciado;Vouzela;Viseu;Centro;IDDGEG_CE_1064;IDDGEG_InfraestruturasEnergeticas;"1551,576";"109 027,055"
"1400,21";"108 792,07";687;CARAMULO; ;Licenciado;Vouzela;Viseu;Centro;IDDGEG_CE_1065;IDDGEG_InfraestruturasEnergeticas;"1400,212";"108 792,074"
"2195,35";"108 416,95";687;CARAMULO; ;Licenciado;Vouzela;Viseu;Centro;IDDGEG_CE_1066;IDDGEG_InfraestruturasEnergeticas;"2195,349";"108 416,951"
"1266,73";"108 586,66";687;CARAMULO; ;Licenciado;Vouzela;Viseu;Centro;IDDGEG_CE_1067;IDDGEG_InfraestruturasEnergeticas;"1266,725";"108 586,661"
"1113,24";"108 430,33";687;CARAMULO; ;Licenciado;Vouzela;Viseu;Centro;IDDGEG_CE_1068;IDDGEG_InfraestruturasEnergeticas;"1113,237";"108 430,326"
"1131,75";"108 118,42";687;CARAMULO; ;Licenciado;Vouzela;Viseu;Centro;IDDGEG_CE_1069;IDDGEG_InfraestruturasEnergeticas;"1131,754";"108 118,418"
"1325,11";"107 914,95";687;CARAMULO; ;Licenciado;Vouzela;Viseu;Centro;IDDGEG_CE_1070;IDDGEG_InfraestruturasEnergeticas;"1325,105";"107 914,947"
"948,41";"107 896,35";687;CARAMULO; ;Licenciado;Vouzela;Viseu;Centro;IDDGEG_CE_1071;IDDGEG_InfraestruturasEnergeticas;"948,407";"107 896,348"
"448,44";"108 047,85";687;CARAMULO; ;Licenciado;Vouzela;Viseu;Centro;IDDGEG_CE_1072;IDDGEG_InfraestruturasEnergeticas;"448,437";"108 047,849"
"632,53";"107 881,52";687;CARAMULO; ;Licenciado;Tondela;Viseu;Centro;IDDGEG_CE_1073;IDDGEG_InfraestruturasEnergeticas;"632,534";"107 881,524"
"282,39";"107 777,26";687;CARAMULO; ;Licenciado;Tondela;Viseu;Centro;IDDGEG_CE_1074;IDDGEG_InfraestruturasEnergeticas;"282,395";"107 777,261"
"-1104,68";"107 633,06";687;CARAMULO; ;Licenciado;Vouzela;Viseu;Centro;IDDGEG_CE_1075;IDDGEG_InfraestruturasEnergeticas;"-1104,68";"107 633,062"
"-1920,96";"107 433,95";687;CARAMULO; ;Licenciado;Vouzela;Viseu;Centro;IDDGEG_CE_1076;IDDGEG_InfraestruturasEnergeticas;"-1920,962";"107 433,949"
"-1677,15";"106 959,36";687;CARAMULO; ;Licenciado;Vouzela;Viseu;Centro;IDDGEG_CE_1077;IDDGEG_InfraestruturasEnergeticas;"-1677,149";"106 959,363"
"-1552,79";"106 252,28";687;CARAMULO; ;Licenciado;Vouzela;Viseu;Centro;IDDGEG_CE_1078;IDDGEG_InfraestruturasEnergeticas;"-1552,788";"106 252,281"
"-1125,33";"106 252,07";687;CARAMULO; ;Licenciado;Vouzela;Viseu;Centro;IDDGEG_CE_1079;IDDGEG_InfraestruturasEnergeticas;"-1125,332";"106 252,073"
"-1461,68";"105 816,89";687;CARAMULO; ;Licenciado;Vouzela;Viseu;Centro;IDDGEG_CE_1080;IDDGEG_InfraestruturasEnergeticas;"-1461,677";"105 816,89"
"-558,02";"107 293,12";687;CARAMULO; ;Licenciado;Tondela;Viseu;Centro;IDDGEG_CE_1081;IDDGEG_InfraestruturasEnergeticas;"-558,017";"107 293,118"
"-253,5";"106 954,04";687;CARAMULO; ;Licenciado;Tondela;Viseu;Centro;IDDGEG_CE_1082;IDDGEG_InfraestruturasEnergeticas;"-253,5";"106 954,039"
"-582,49";"106 792,09";687;CARAMULO; ;Licenciado;Tondela;Viseu;Centro;IDDGEG_CE_1083;IDDGEG_InfraestruturasEnergeticas;"-582,486";"106 792,088"
"-518,55";"106 163,06";687;CARAMULO; ;Licenciado;Tondela;Viseu;Centro;IDDGEG_CE_1084;IDDGEG_InfraestruturasEnergeticas;"-518,547";"106 163,063"
"-945,09";"106 001,06";687;CARAMULO; ;Licenciado;Tondela;Viseu;Centro;IDDGEG_CE_1085;IDDGEG_InfraestruturasEnergeticas;"-945,094";"106 001,056"
"-1258,93";"104 840,87";687;CARAMULO; ;Licenciado;Tondela;Viseu;Centro;IDDGEG_CE_1086;IDDGEG_InfraestruturasEnergeticas;"-1258,928";"104 840,87"
"-1654,2";"104 460,33";687;CARAMULO; ;Licenciado;Tondela;Viseu;Centro;IDDGEG_CE_1087;IDDGEG_InfraestruturasEnergeticas;"-1654,197";"104 460,327"
"-5606,98";"101 770,7";687;CARAMULO; ;Licenciado;Oliveira de Frades;Viseu;Centro;IDDGEG_CE_1088;IDDGEG_InfraestruturasEnergeticas;"-5606,979";"101 770,701"
"-5894,84";"101 575,34";687;CARAMULO; ;Licenciado;Oliveira de Frades;Viseu;Centro;IDDGEG_CE_1089;IDDGEG_InfraestruturasEnergeticas;"-5894,838";"101 575,342"
"-6208,87";"101 283,32";687;CARAMULO; ;Licenciado;Oliveira de Frades;Viseu;Centro;IDDGEG_CE_1090;IDDGEG_InfraestruturasEnergeticas;"-6208,873";"101 283,318"
"-5528,33";"101 417,52";687;CARAMULO; ;Licenciado;Oliveira de Frades;Viseu;Centro;IDDGEG_CE_1091;IDDGEG_InfraestruturasEnergeticas;"-5528,331";"101 417,517"
"-5563,34";"101 170,69";687;CARAMULO; ;Licenciado;Oliveira de Frades;Viseu;Centro;IDDGEG_CE_1092;IDDGEG_InfraestruturasEnergeticas;"-5563,343";"101 170,688"
"-5498,88";"100 870,42";687;CARAMULO; ;Licenciado;Oliveira de Frades;Viseu;Centro;IDDGEG_CE_1093;IDDGEG_InfraestruturasEnergeticas;"-5498,88";"100 870,421"
"-5877,01";"100 919,73";687;CARAMULO; ;Licenciado;Oliveira de Frades;Viseu;Centro;IDDGEG_CE_1094;IDDGEG_InfraestruturasEnergeticas;"-5877,011";"100 919,726"
"-6110,68";"100 737,52";687;CARAMULO; ;Licenciado;Oliveira de Frades;Viseu;Centro;IDDGEG_CE_1095;IDDGEG_InfraestruturasEnergeticas;"-6110,684";"100 737,519"
"-6558,44";"101 122,25";687;CARAMULO; ;Licenciado;Oliveira de Frades;Viseu;Centro;IDDGEG_CE_1096;IDDGEG_InfraestruturasEnergeticas;"-6558,444";"101 122,248"
"-6493,58";"100 379,83";687;CARAMULO; ;Licenciado;Oliveira de Frades;Viseu;Centro;IDDGEG_CE_1097;IDDGEG_InfraestruturasEnergeticas;"-6493,58";"100 379,827"
"-3628,63";"101 483,78";687;CARAMULO; ;Licenciado;Oliveira de Frades;Viseu;Centro;IDDGEG_CE_1098;IDDGEG_InfraestruturasEnergeticas;"-3628,626";"101 483,782"
"-3787,15";"101 325,9";687;CARAMULO; ;Licenciado;Oliveira de Frades;Viseu;Centro;IDDGEG_CE_1099;IDDGEG_InfraestruturasEnergeticas;"-3787,149";"101 325,896"
"-3984,24";"101 101,29";687;CARAMULO; ;Licenciado;Oliveira de Frades;Viseu;Centro;IDDGEG_CE_1100;IDDGEG_InfraestruturasEnergeticas;"-3984,245";"101 101,287"
"-4423,32";"100 605,29";687;CARAMULO; ;Licenciado;Oliveira de Frades;Viseu;Centro;IDDGEG_CE_1101;IDDGEG_InfraestruturasEnergeticas;"-4423,317";"100 605,289"
"-4617,16";"100 508,01";687;CARAMULO; ;Licenciado;Oliveira de Frades;Viseu;Centro;IDDGEG_CE_1102;IDDGEG_InfraestruturasEnergeticas;"-4617,158";"100 508,008"
"-4166,3";"100 966,64";687;CARAMULO; ;Licenciado;Oliveira de Frades;Viseu;Centro;IDDGEG_CE_1919;IDDGEG_InfraestruturasEnergeticas;"-4166,297";"100 966,64"
"-2249,69";"104 457,05";687;CARAMULO; ;Licenciado;Vouzela;Viseu;Centro;IDDGEG_CE_1920;IDDGEG_InfraestruturasEnergeticas;"-2249,688";"104 457,055"
"-1163,38";"107 886,37";687;CARAMULO; ;Licenciado;Vouzela;Viseu;Centro;IDDGEG_CE_1921;IDDGEG_InfraestruturasEnergeticas;"-1163,379";"107 886,373"
"-2158,58";"103 994,9";687;CARAMULO; ;Em licenciamento;Vouzela;Viseu;Centro;IDDGEG_CE_3586;IDDGEG_InfraestruturasEnergeticas;"-2158,58";"103 994,9"
"1634,43";"109 523,38";687;CARAMULO;;Em licenciamento;Vouzela;Viseu;Centro;IDDGEG_CE_3383;IDDGEG_InfraestruturasEnergeticas;"1634,43";"109 523,38"
"2004,41";"111 286,34";687;CARAMULO;;Em licenciamento;Vouzela;Viseu;Centro;IDDGEG_CE_3384;IDDGEG_InfraestruturasEnergeticas;"2004,41";"111 286,34"
"-1945,48";"104 273,42";687-S;CARAMULO;;Em licenciamento;Tondela;Viseu;Centro;IDDGEG_CE_3419;IDDGEG_InfraestruturasEnergeticas;"-1945,48";"104 273,42"
"-2017,48";"103 928,43";687-S;CARAMULO;;Em licenciamento;Tondela;Viseu;Centro;IDDGEG_CE_3420;IDDGEG_InfraestruturasEnergeticas;"-2017,48";"103 928,43"
"-2343,48";"103 792,43";687-S;CARAMULO;;Em licenciamento;Vouzela;Viseu;Centro;IDDGEG_CE_3421;IDDGEG_InfraestruturasEnergeticas;"-2343,48";"103 792,43"
"-2563,47";"103 519,43";687-S;CARAMULO;;Em licenciamento;Oliveira de Frades;Viseu;Centro;IDDGEG_CE_3422;IDDGEG_InfraestruturasEnergeticas;"-2563,47";"103 519,43"
"-2309,47";"103 231,44";687-S;CARAMULO;;Em licenciamento;Tondela;Viseu;Centro;IDDGEG_CE_3423;IDDGEG_InfraestruturasEnergeticas;"-2309,47";"103 231,44"
"-2463,47";"102 914,44";687-S;CARAMULO;;Em licenciamento;Tondela;Viseu;Centro;IDDGEG_CE_3424;IDDGEG_InfraestruturasEnergeticas;"-2463,47";"102 914,44"
"-2506,46";"102 555,44";687-S;CARAMULO;;Em licenciamento;Tondela;Viseu;Centro;IDDGEG_CE_3425;IDDGEG_InfraestruturasEnergeticas;"-2506,46";"102 555,44"
"-19 392,87";"125 218,79";1832;COUTO;;Em licenciamento;Vale de Cambra;Aveiro;Norte;IDDGEG_CE_3472;IDDGEG_InfraestruturasEnergeticas;"-19 392,87";"125 218,786"
"-19 112,92";"122 643,07";1832;COUTO;;Em licenciamento;Sever do Vouga;Aveiro;Centro;IDDGEG_CE_3479;IDDGEG_InfraestruturasEnergeticas;"-19 112,917";"122 643,073"
"-18 403,02";"126 736,31";1832;COUTO;;Em licenciamento;Vale de Cambra;Aveiro;Norte;IDDGEG_CE_3478;IDDGEG_InfraestruturasEnergeticas;"-18 403,021";"126 736,307"
"-18 771,3";"127 102,89";1832;COUTO;;Em licenciamento;Vale de Cambra;Aveiro;Norte;IDDGEG_CE_3477;IDDGEG_InfraestruturasEnergeticas;"-18 771,302";"127 102,888"
"-19 493,93";"122 056,56";1832;COUTO;;Em licenciamento;Sever do Vouga;Aveiro;Centro;IDDGEG_CE_3476;IDDGEG_InfraestruturasEnergeticas;"-19 493,931";"122 056,562"
"-17 623,74";"125 440,62";1832;COUTO;;Em licenciamento;Vale de Cambra;Aveiro;Norte;IDDGEG_CE_3468;IDDGEG_InfraestruturasEnergeticas;"-17 623,743";"125 440,625"
"-18 947,44";"123 469,49";1832;COUTO;;Em licenciamento;Sever do Vouga;Aveiro;Centro;IDDGEG_CE_3474;IDDGEG_InfraestruturasEnergeticas;"-18 947,441";"123 469,487"
"-18 196,75";"126 457,93";1832;COUTO;;Em licenciamento;Vale de Cambra;Aveiro;Norte;IDDGEG_CE_3469;IDDGEG_InfraestruturasEnergeticas;"-18 196,751";"126 457,932"
"-19 174,27";"122 252,68";1832;COUTO;;Em licenciamento;Sever do Vouga;Aveiro;Centro;IDDGEG_CE_3475;IDDGEG_InfraestruturasEnergeticas;"-19 174,269";"122 252,68"
"-17 976,92";"125 954,29";1832;COUTO;;Em licenciamento;Vale de Cambra;Aveiro;Norte;IDDGEG_CE_3470;IDDGEG_InfraestruturasEnergeticas;"-17 976,92";"125 954,291"
"-19 940,46";"126 169,37";1832;COUTO;;Em licenciamento;Vale de Cambra;Aveiro;Norte;IDDGEG_CE_3471;IDDGEG_InfraestruturasEnergeticas;"-19 940,465";"126 169,371"
"-18 671,5";"123 966,34";1832;COUTO;;Em licenciamento;Sever do Vouga;Aveiro;Centro;IDDGEG_CE_3473;IDDGEG_InfraestruturasEnergeticas;"-18 671,497";"123 966,344"
"80 682,81";"76 356,91";671;DIRÃO DA RUA; ;Licenciado;Sabugal;Guarda;Centro;IDDGEG_CE_1142;IDDGEG_InfraestruturasEnergeticas;"80 682,813";"76 356,911"
"80 815,47";"76 350,81";671;DIRÃO DA RUA; ;Licenciado;Sabugal;Guarda;Centro;IDDGEG_CE_1143;IDDGEG_InfraestruturasEnergeticas;"80 815,47";"76 350,81"
"-18 552,93";"111 049,09";672;DONINHAS; ;Licenciado;Sever do Vouga;Aveiro;Centro;IDDGEG_CE_1063;IDDGEG_InfraestruturasEnergeticas;"-18 552,934";"111 049,092"
"72 121,31";"99 160,07";864;GUARDA I; ;Licenciado;Guarda;Guarda;Centro;IDDGEG_CE_2061;IDDGEG_InfraestruturasEnergeticas;"72 121,306";"99 160,074"
"72 254,39";"99 389,69";864;GUARDA I; ;Licenciado;Guarda;Guarda;Centro;IDDGEG_CE_2060;IDDGEG_InfraestruturasEnergeticas;"72 254,388";"99 389,689"
"71 856,66";"98 660,29";864;GUARDA I; ;Licenciado;Guarda;Guarda;Centro;IDDGEG_CE_1138;IDDGEG_InfraestruturasEnergeticas;"71 856,66";"98 660,287"
"71 995,26";"98 912,07";864;GUARDA I; ;Licenciado;Guarda;Guarda;Centro;IDDGEG_CE_1137;IDDGEG_InfraestruturasEnergeticas;"71 995,257";"98 912,073"
"-5135,63";"99 276,83";1237;GUARDÃO;;Licenciado;Tondela;Viseu;Centro;IDDGEG_CE_3344;IDDGEG_InfraestruturasEnergeticas;"-5135,628";"99 276,825"
"-4549,74";"100 079,7";1237;GUARDÃO;;Licenciado;Tondela;Viseu;Centro;IDDGEG_CE_3347;IDDGEG_InfraestruturasEnergeticas;"-4549,737";"100 079,701"
"-6727,77";"96 526,84";1237;GUARDÃO;;Licenciado;Tondela;Viseu;Centro;IDDGEG_CE_3336;IDDGEG_InfraestruturasEnergeticas;"-6727,765";"96 526,844"
"-6718,78";"95 892,89";1237;GUARDÃO;;Licenciado;Tondela;Viseu;Centro;IDDGEG_CE_3334;IDDGEG_InfraestruturasEnergeticas;"-6718,783";"95 892,889"
"-6751,27";"96 788,82";1237;GUARDÃO;;Licenciado;Tondela;Viseu;Centro;IDDGEG_CE_3337;IDDGEG_InfraestruturasEnergeticas;"-6751,27";"96 788,822"
"-5577,53";"98 338,02";1237;GUARDÃO;;Licenciado;Tondela;Viseu;Centro;IDDGEG_CE_3338;IDDGEG_InfraestruturasEnergeticas;"-5577,527";"98 338,023"
"-6522,39";"96 938,98";1237;GUARDÃO;;Licenciado;Tondela;Viseu;Centro;IDDGEG_CE_3339;IDDGEG_InfraestruturasEnergeticas;"-6522,395";"96 938,975"
"-6600,77";"97 235,68";1237;GUARDÃO;;Licenciado;Tondela;Viseu;Centro;IDDGEG_CE_3340;IDDGEG_InfraestruturasEnergeticas;"-6600,77";"97 235,682"
"-6804,66";"97 457,74";1237;GUARDÃO;;Licenciado;Tondela;Viseu;Centro;IDDGEG_CE_3341;IDDGEG_InfraestruturasEnergeticas;"-6804,662";"97 457,736"
"-6596,73";"97 645,77";1237;GUARDÃO;;Licenciado;Tondela;Viseu;Centro;IDDGEG_CE_3342;IDDGEG_InfraestruturasEnergeticas;"-6596,727";"97 645,769"
"-5210,88";"98 087,89";1237;GUARDÃO;;Licenciado;Tondela;Viseu;Centro;IDDGEG_CE_3343;IDDGEG_InfraestruturasEnergeticas;"-5210,875";"98 087,892"
"-4726,17";"99 632,31";1237;GUARDÃO;;Licenciado;Tondela;Viseu;Centro;IDDGEG_CE_3345;IDDGEG_InfraestruturasEnergeticas;"-4726,168";"99 632,31"
"-4521,37";"99 810,37";1237;GUARDÃO;;Licenciado;Tondela;Viseu;Centro;IDDGEG_CE_3346;IDDGEG_InfraestruturasEnergeticas;"-4521,373";"99 810,373"
"-7052,88";"96 546,76";1237;GUARDÃO;;Licenciado;Tondela;Viseu;Centro;IDDGEG_CE_3335;IDDGEG_InfraestruturasEnergeticas;"-7052,883";"96 546,758"
"67 173,12";"88 433,67";772;MOSQUEIROS;MOSQUEIROS I;Licenciado;Guarda;Guarda;Centro;IDDGEG_CE_1139;IDDGEG_InfraestruturasEnergeticas;"67 173,125";"88 433,669"
"66 169,33";"87 778,37";772;MOSQUEIROS;MOSQUEIROS I;Licenciado;Guarda;Guarda;Centro;IDDGEG_CE_1141;IDDGEG_InfraestruturasEnergeticas;"66 169,329";"87 778,366"
"66 419,54";"87 990,44";772;MOSQUEIROS;MOSQUEIROS I;Licenciado;Guarda;Guarda;Centro;IDDGEG_CE_406;IDDGEG_InfraestruturasEnergeticas;"66 419,544";"87 990,438"
"66 770,72";"88 266,02";772;MOSQUEIROS;MOSQUEIROS I;Licenciado;Guarda;Guarda;Centro;IDDGEG_CE_1140;IDDGEG_InfraestruturasEnergeticas;"66 770,721";"88 266,015"
"65 498,05";"85 697,14";1009;MOSQUEIROS II; ;Licenciado;Guarda;Guarda;Centro;IDDGEG_CE_2071;IDDGEG_InfraestruturasEnergeticas;"65 498,047";"85 697,138"
"65 343,04";"85 402,16";1009;MOSQUEIROS II; ;Licenciado;Guarda;Guarda;Centro;IDDGEG_CE_2072;IDDGEG_InfraestruturasEnergeticas;"65 343,045";"85 402,157"
"65 042,08";"84 618,88";1009;MOSQUEIROS II; ;Licenciado;Guarda;Guarda;Centro;IDDGEG_CE_2073;IDDGEG_InfraestruturasEnergeticas;"65 042,081";"84 618,876"
"67 073,81";"88 676,33";1009;MOSQUEIROS II;;Licenciado;Guarda;Guarda;Centro;IDDGEG_CE_3109;IDDGEG_InfraestruturasEnergeticas;"67 073,812";"88 676,327"
"64 888,08";"84 431,67";1009;MOSQUEIROS II; ;Licenciado;Guarda;Guarda;Centro;IDDGEG_CE_2074;IDDGEG_InfraestruturasEnergeticas;"64 888,083";"84 431,667"
"67 293,8";"89 074,33";1009;MOSQUEIROS II;;Licenciado;Guarda;Guarda;Centro;IDDGEG_CE_3110;IDDGEG_InfraestruturasEnergeticas;"67 293,803";"89 074,329"
"65 925,84";"87 534,31";1009;MOSQUEIROS II; ;Licenciado;Guarda;Guarda;Centro;IDDGEG_CE_2075;IDDGEG_InfraestruturasEnergeticas;"65 925,841";"87 534,313"
"65 146,89";"85 003,32";1009;MOSQUEIROS II; ;Licenciado;Guarda;Guarda;Centro;IDDGEG_CE_2067;IDDGEG_InfraestruturasEnergeticas;"65 146,894";"85 003,315"
"65 799,85";"87 326,31";1009;MOSQUEIROS II; ;Licenciado;Guarda;Guarda;Centro;IDDGEG_CE_2066;IDDGEG_InfraestruturasEnergeticas;"65 799,846";"87 326,312"
"65 711,01";"86 771,8";1009;MOSQUEIROS II; ;Licenciado;Guarda;Guarda;Centro;IDDGEG_CE_2068;IDDGEG_InfraestruturasEnergeticas;"65 711,014";"86 771,802"
"65 698,77";"86 355,59";1009;MOSQUEIROS II; ;Licenciado;Guarda;Guarda;Centro;IDDGEG_CE_2069;IDDGEG_InfraestruturasEnergeticas;"65 698,769";"86 355,591"
"65 594,96";"86 001,84";1009;MOSQUEIROS II; ;Licenciado;Guarda;Guarda;Centro;IDDGEG_CE_2070;IDDGEG_InfraestruturasEnergeticas;"65 594,961";"86 001,838"
"84 423,23";"71 849,95";659;MOSTEIRO; ;Licenciado;Sabugal;Guarda;Centro;IDDGEG_CE_1149;IDDGEG_InfraestruturasEnergeticas;"84 423,23";"71 849,955"
"84 259,31";"71 731,81";659;MOSTEIRO; ;Licenciado;Sabugal;Guarda;Centro;IDDGEG_CE_1148;IDDGEG_InfraestruturasEnergeticas;"84 259,306";"71 731,806"
"83 831,53";"71 715,15";659;MOSTEIRO; ;Licenciado;Sabugal;Guarda;Centro;IDDGEG_CE_1147;IDDGEG_InfraestruturasEnergeticas;"83 831,535";"71 715,15"
"83 616,46";"71 548,03";659;MOSTEIRO; ;Licenciado;Sabugal;Guarda;Centro;IDDGEG_CE_1146;IDDGEG_InfraestruturasEnergeticas;"83 616,455";"71 548,031"
"83 450,15";"71 470,48";659;MOSTEIRO; ;Licenciado;Sabugal;Guarda;Centro;IDDGEG_CE_1145;IDDGEG_InfraestruturasEnergeticas;"83 450,154";"71 470,482"
"83 001,12";"71 294,36";659;MOSTEIRO; ;Licenciado;Sabugal;Guarda;Centro;IDDGEG_CE_59;IDDGEG_InfraestruturasEnergeticas;"83 001,116";"71 294,356"
"82 783,04";"71 239,74";659;MOSTEIRO;;Licenciado;Sabugal;Guarda;Centro;IDDGEG_CE_3328;IDDGEG_InfraestruturasEnergeticas;"82 783,039";"71 239,743"
"83 198,69";"71 348,43";659;MOSTEIRO; ;Licenciado;Sabugal;Guarda;Centro;IDDGEG_CE_60;IDDGEG_InfraestruturasEnergeticas;"83 198,694";"71 348,43"
"89 222,07";"68 366,38";633;PENAMACOR;PENAMACOR 3B;Licenciado;Sabugal;Guarda;Centro;IDDGEG_CE_382;IDDGEG_InfraestruturasEnergeticas;"89 222,065";"68 366,378"
"106 717,94";"71 966,43";633-S;PENAMACOR;SABUGAL;Licenciado;Sabugal;Guarda;Centro;IDDGEG_CE_3132;IDDGEG_InfraestruturasEnergeticas;"106 717,942";"71 966,43"
"106 500,44";"72 123,59";633-S;PENAMACOR;SABUGAL;Licenciado;Sabugal;Guarda;Centro;IDDGEG_CE_3131;IDDGEG_InfraestruturasEnergeticas;"106 500,44";"72 123,589"
"104 835,04";"72 012,88";633-S;PENAMACOR;SABUGAL;Licenciado;Sabugal;Guarda;Centro;IDDGEG_CE_3130;IDDGEG_InfraestruturasEnergeticas;"104 835,041";"72 012,875"
"104 645,16";"72 436,82";633-S;PENAMACOR;SABUGAL;Licenciado;Sabugal;Guarda;Centro;IDDGEG_CE_3129;IDDGEG_InfraestruturasEnergeticas;"104 645,155";"72 436,816"
"103 490,48";"72 697,17";633-S;PENAMACOR;SABUGAL;Licenciado;Sabugal;Guarda;Centro;IDDGEG_CE_3128;IDDGEG_InfraestruturasEnergeticas;"103 490,483";"72 697,173"
"102 762,45";"72 606,28";633-S;PENAMACOR;SABUGAL;Licenciado;Sabugal;Guarda;Centro;IDDGEG_CE_3127;IDDGEG_InfraestruturasEnergeticas;"102 762,451";"72 606,284"
"87 505,42";"71 917,03";633;PENAMACOR;PENAMACOR 3B;Em licenciamento;Penamacor;Castelo Branco;Centro;IDDGEG_CE_1178;IDDGEG_InfraestruturasEnergeticas;"87 505,417";"71 917,029"
"91 879,62";"68 525,23";633;PENAMACOR;PENAMACOR 3B;Em licenciamento;Sabugal;Guarda;Centro;IDDGEG_CE_1156;IDDGEG_InfraestruturasEnergeticas;"91 879,624";"68 525,232"
"91 017,82";"68 087,33";633;PENAMACOR;PENAMACOR 3B;Em licenciamento;Sabugal;Guarda;Centro;IDDGEG_CE_1155;IDDGEG_InfraestruturasEnergeticas;"91 017,819";"68 087,33"
"90 246,78";"68 272,16";633;PENAMACOR;PENAMACOR 3B;Em licenciamento;Sabugal;Guarda;Centro;IDDGEG_CE_1154;IDDGEG_InfraestruturasEnergeticas;"90 246,781";"68 272,161"
"90 011,02";"68 385,83";633;PENAMACOR;PENAMACOR 3B;Em licenciamento;Sabugal;Guarda;Centro;IDDGEG_CE_1153;IDDGEG_InfraestruturasEnergeticas;"90 011,02";"68 385,825"
"89 222,07";"68 366,38";633;PENAMACOR;PENAMACOR 3B;Em licenciamento;Sabugal;Guarda;Centro;IDDGEG_CE_382;IDDGEG_InfraestruturasEnergeticas;"89 222,065";"68 366,378"
"91 644,15";"68 680,37";633;PENAMACOR;PENAMACOR 3B;Em licenciamento;Sabugal;Guarda;Centro;IDDGEG_CE_381;IDDGEG_InfraestruturasEnergeticas;"91 644,152";"68 680,371"
"91 455,26";"68 328,08";633-S;PENAMACOR;PENAMACOR 3B;Licenciado;Sabugal;Guarda;Centro;IDDGEG_CE_3126;IDDGEG_InfraestruturasEnergeticas;"91 455,257";"68 328,085"
"89 525,8";"68 323,96";633-S;PENAMACOR;PENAMACOR 3B;Licenciado;Sabugal;Guarda;Centro;IDDGEG_CE_3125;IDDGEG_InfraestruturasEnergeticas;"89 525,798";"68 323,962"
"87 597,63";"69 065,99";633-S;PENAMACOR;PENAMACOR 3B;Licenciado;Penamacor;Castelo Branco;Centro;IDDGEG_CE_3124;IDDGEG_InfraestruturasEnergeticas;"87 597,634";"69 065,991"
"88 568,57";"70 365,78";633-S;PENAMACOR;PENAMACOR 3B;Licenciado;Sabugal;Guarda;Centro;IDDGEG_CE_3123;IDDGEG_InfraestruturasEnergeticas;"88 568,569";"70 365,777"
"90 720,27";"68 112,64";633;PENAMACOR;PENAMACOR 3B;Licenciado;Sabugal;Guarda;Centro;IDDGEG_CE_1975;IDDGEG_InfraestruturasEnergeticas;"90 720,269";"68 112,644"
"84 665,01";"68 887,72";633;PENAMACOR;PENAMACOR 3A;Licenciado;Sabugal;Guarda;Centro;IDDGEG_CE_1974;IDDGEG_InfraestruturasEnergeticas;"84 665,011";"68 887,718"
"88 922,55";"68 447,55";633;PENAMACOR;PENAMACOR 3B;Licenciado;Penamacor;Castelo Branco;Centro;IDDGEG_CE_1189;IDDGEG_InfraestruturasEnergeticas;"88 922,553";"68 447,552"
"88 627,11";"68 709,52";633;PENAMACOR;PENAMACOR 3B;Licenciado;Penamacor;Castelo Branco;Centro;IDDGEG_CE_1188;IDDGEG_InfraestruturasEnergeticas;"88 627,109";"68 709,521"
"88 404,05";"68 865,15";633;PENAMACOR;PENAMACOR 3B;Licenciado;Penamacor;Castelo Branco;Centro;IDDGEG_CE_1187;IDDGEG_InfraestruturasEnergeticas;"88 404,05";"68 865,155"
"88 161,22";"69 034,93";633;PENAMACOR;PENAMACOR 3B;Licenciado;Penamacor;Castelo Branco;Centro;IDDGEG_CE_1186;IDDGEG_InfraestruturasEnergeticas;"88 161,223";"69 034,932"
"87 870,18";"69 084,13";633;PENAMACOR;PENAMACOR 3B;Licenciado;Penamacor;Castelo Branco;Centro;IDDGEG_CE_1185;IDDGEG_InfraestruturasEnergeticas;"87 870,178";"69 084,132"
"88 705,25";"69 925,56";633;PENAMACOR;PENAMACOR 3B;Licenciado;Penamacor;Castelo Branco;Centro;IDDGEG_CE_1184;IDDGEG_InfraestruturasEnergeticas;"88 705,249";"69 925,564"
"88 302,56";"70 562,44";633;PENAMACOR;PENAMACOR 3B;Licenciado;Penamacor;Castelo Branco;Centro;IDDGEG_CE_1183;IDDGEG_InfraestruturasEnergeticas;"88 302,564";"70 562,44"
"88 076,31";"71 047,5";633;PENAMACOR;PENAMACOR 3B;Licenciado;Penamacor;Castelo Branco;Centro;IDDGEG_CE_1182;IDDGEG_InfraestruturasEnergeticas;"88 076,313";"71 047,501"
"87 941,68";"71 319,9";633;PENAMACOR;PENAMACOR 3B;Licenciado;Penamacor;Castelo Branco;Centro;IDDGEG_CE_1181;IDDGEG_InfraestruturasEnergeticas;"87 941,677";"71 319,903"
"87 879,03";"71 578,64";633;PENAMACOR;PENAMACOR 3B;Licenciado;Penamacor;Castelo Branco;Centro;IDDGEG_CE_1180;IDDGEG_InfraestruturasEnergeticas;"87 879,027";"71 578,644"
"87 684,26";"71 739,47";633;PENAMACOR;PENAMACOR 3B;Licenciado;Penamacor;Castelo Branco;Centro;IDDGEG_CE_1179;IDDGEG_InfraestruturasEnergeticas;"87 684,256";"71 739,473"
"87 505,42";"71 917,03";633;PENAMACOR;PENAMACOR 3B;Licenciado;Penamacor;Castelo Branco;Centro;IDDGEG_CE_1178;IDDGEG_InfraestruturasEnergeticas;"87 505,417";"71 917,029"
"85 344,28";"67 739,78";633;PENAMACOR;PENAMACOR 3A;Licenciado;Penamacor;Castelo Branco;Centro;IDDGEG_CE_1177;IDDGEG_InfraestruturasEnergeticas;"85 344,28";"67 739,778"
"85 200,61";"67 885,58";633;PENAMACOR;PENAMACOR 3A;Licenciado;Penamacor;Castelo Branco;Centro;IDDGEG_CE_1176;IDDGEG_InfraestruturasEnergeticas;"85 200,612";"67 885,58"
"85 097,85";"68 085,15";633;PENAMACOR;PENAMACOR 3A;Licenciado;Penamacor;Castelo Branco;Centro;IDDGEG_CE_1175;IDDGEG_InfraestruturasEnergeticas;"85 097,853";"68 085,15"
"85 009,14";"68 277,12";633;PENAMACOR;PENAMACOR 3A;Licenciado;Penamacor;Castelo Branco;Centro;IDDGEG_CE_1174;IDDGEG_InfraestruturasEnergeticas;"85 009,14";"68 277,115"
"84 911,73";"68 504,88";633;PENAMACOR;PENAMACOR 3A;Licenciado;Penamacor;Castelo Branco;Centro;IDDGEG_CE_1173;IDDGEG_InfraestruturasEnergeticas;"84 911,729";"68 504,876"
"84 808,67";"68 731,01";633;PENAMACOR;PENAMACOR 3A;Licenciado;Penamacor;Castelo Branco;Centro;IDDGEG_CE_1172;IDDGEG_InfraestruturasEnergeticas;"84 808,666";"68 731,009"
"105 937,78";"72 389,03";633;PENAMACOR;SABUGAL;Licenciado;Sabugal;Guarda;Centro;IDDGEG_CE_1171;IDDGEG_InfraestruturasEnergeticas;"105 937,784";"72 389,026"
"105 658,81";"72 550,74";633;PENAMACOR;SABUGAL;Licenciado;Sabugal;Guarda;Centro;IDDGEG_CE_1170;IDDGEG_InfraestruturasEnergeticas;"105 658,806";"72 550,743"
"105 360,42";"72 619,12";633;PENAMACOR;SABUGAL;Licenciado;Sabugal;Guarda;Centro;IDDGEG_CE_1169;IDDGEG_InfraestruturasEnergeticas;"105 360,418";"72 619,122"
"104 069,08";"73 091,08";633;PENAMACOR;SABUGAL;Licenciado;Sabugal;Guarda;Centro;IDDGEG_CE_1167;IDDGEG_InfraestruturasEnergeticas;"104 069,082";"73 091,083"
"103 548,21";"73 780,51";633;PENAMACOR;SABUGAL;Licenciado;Sabugal;Guarda;Centro;IDDGEG_CE_1166;IDDGEG_InfraestruturasEnergeticas;"103 548,212";"73 780,51"
"106 173,14";"72 261,66";633;PENAMACOR;SABUGAL;Licenciado;Sabugal;Guarda;Centro;IDDGEG_CE_1165;IDDGEG_InfraestruturasEnergeticas;"106 173,141";"72 261,664"
"104 413,86";"72 614,3";633;PENAMACOR;SABUGAL;Licenciado;Sabugal;Guarda;Centro;IDDGEG_CE_1164;IDDGEG_InfraestruturasEnergeticas;"104 413,865";"72 614,303"
"104 251,24";"72 860,47";633;PENAMACOR;SABUGAL;Licenciado;Sabugal;Guarda;Centro;IDDGEG_CE_1163;IDDGEG_InfraestruturasEnergeticas;"104 251,236";"72 860,473"
"103 901,27";"73 333,8";633;PENAMACOR;SABUGAL;Licenciado;Sabugal;Guarda;Centro;IDDGEG_CE_1162;IDDGEG_InfraestruturasEnergeticas;"103 901,268";"73 333,8"
"103 747,39";"73 592,3";633;PENAMACOR;SABUGAL;Licenciado;Sabugal;Guarda;Centro;IDDGEG_CE_1161;IDDGEG_InfraestruturasEnergeticas;"103 747,389";"73 592,305"
"103 199,98";"74 070,42";633;PENAMACOR;SABUGAL;Licenciado;Sabugal;Guarda;Centro;IDDGEG_CE_1160;IDDGEG_InfraestruturasEnergeticas;"103 199,98";"74 070,419"
"103 079,75";"74 509,36";633;PENAMACOR;SABUGAL;Licenciado;Sabugal;Guarda;Centro;IDDGEG_CE_1159;IDDGEG_InfraestruturasEnergeticas;"103 079,748";"74 509,361"
"104 047,9";"75 085,63";633;PENAMACOR;SABUGAL;Licenciado;Sabugal;Guarda;Centro;IDDGEG_CE_1158;IDDGEG_InfraestruturasEnergeticas;"104 047,903";"75 085,632"
"103 869,06";"75 274,32";633;PENAMACOR;SABUGAL;Licenciado;Sabugal;Guarda;Centro;IDDGEG_CE_1157;IDDGEG_InfraestruturasEnergeticas;"103 869,055";"75 274,324"
"91 879,62";"68 525,23";633;PENAMACOR;PENAMACOR 3B;Licenciado;Sabugal;Guarda;Centro;IDDGEG_CE_1156;IDDGEG_InfraestruturasEnergeticas;"91 879,624";"68 525,232"
"91 017,82";"68 087,33";633;PENAMACOR;PENAMACOR 3B;Licenciado;Sabugal;Guarda;Centro;IDDGEG_CE_1155;IDDGEG_InfraestruturasEnergeticas;"91 017,819";"68 087,33"
"90 246,78";"68 272,16";633;PENAMACOR;PENAMACOR 3B;Licenciado;Sabugal;Guarda;Centro;IDDGEG_CE_1154;IDDGEG_InfraestruturasEnergeticas;"90 246,781";"68 272,161"
"90 011,02";"68 385,83";633;PENAMACOR;PENAMACOR 3B;Licenciado;Sabugal;Guarda;Centro;IDDGEG_CE_1153;IDDGEG_InfraestruturasEnergeticas;"90 011,02";"68 385,825"
"83 654,35";"68 037,52";633;PENAMACOR;PENAMACOR 3A;Licenciado;Sabugal;Guarda;Centro;IDDGEG_CE_1152;IDDGEG_InfraestruturasEnergeticas;"83 654,347";"68 037,519"
"84 126,04";"68 409,64";633;PENAMACOR;PENAMACOR 3A;Licenciado;Sabugal;Guarda;Centro;IDDGEG_CE_1151;IDDGEG_InfraestruturasEnergeticas;"84 126,045";"68 409,637"
"84 446,38";"68 573,69";633;PENAMACOR;PENAMACOR 3A;Licenciado;Penamacor;Castelo Branco;Centro;IDDGEG_CE_1150;IDDGEG_InfraestruturasEnergeticas;"84 446,382";"68 573,689"
"91 644,15";"68 680,37";633;PENAMACOR;PENAMACOR 3B;Licenciado;Sabugal;Guarda;Centro;IDDGEG_CE_381;IDDGEG_InfraestruturasEnergeticas;"91 644,152";"68 680,371"
"49 191,85";"131 367,65";600;PICOTO; ;Licenciado;Aguiar da Beira;Guarda;Centro;IDDGEG_CE_2806;IDDGEG_InfraestruturasEnergeticas;"49 191,851";"131 367,646"
"59 919,89";"121 252,83";600;PICOTO; ;Licenciado;Trancoso;Guarda;Centro;IDDGEG_CE_2816;IDDGEG_InfraestruturasEnergeticas;"59 919,886";"121 252,828"
"60 118,04";"121 566,96";600;PICOTO; ;Licenciado;Trancoso;Guarda;Centro;IDDGEG_CE_2815;IDDGEG_InfraestruturasEnergeticas;"60 118,041";"121 566,955"
"60 206,58";"121 822,15";600;PICOTO; ;Licenciado;Trancoso;Guarda;Centro;IDDGEG_CE_2814;IDDGEG_InfraestruturasEnergeticas;"60 206,584";"121 822,149"
"60 131,7";"122 038,95";600;PICOTO; ;Licenciado;Trancoso;Guarda;Centro;IDDGEG_CE_2813;IDDGEG_InfraestruturasEnergeticas;"60 131,705";"122 038,947"
"60 206,88";"122 257,26";600;PICOTO; ;Licenciado;Trancoso;Guarda;Centro;IDDGEG_CE_2812;IDDGEG_InfraestruturasEnergeticas;"60 206,88";"122 257,263"
"60 201,95";"122 467,37";600;PICOTO; ;Licenciado;Trancoso;Guarda;Centro;IDDGEG_CE_2811;IDDGEG_InfraestruturasEnergeticas;"60 201,954";"122 467,368"
"60 129,31";"122 708,15";600;PICOTO; ;Licenciado;Trancoso;Guarda;Centro;IDDGEG_CE_2810;IDDGEG_InfraestruturasEnergeticas;"60 129,312";"122 708,15"
"60 045,63";"122 945,04";600;PICOTO; ;Licenciado;Trancoso;Guarda;Centro;IDDGEG_CE_2809;IDDGEG_InfraestruturasEnergeticas;"60 045,629";"122 945,04"
"49 368,56";"130 827,74";600;PICOTO; ;Licenciado;Aguiar da Beira;Guarda;Centro;IDDGEG_CE_2808;IDDGEG_InfraestruturasEnergeticas;"49 368,562";"130 827,743"
"49 296,16";"131 092,54";600;PICOTO; ;Licenciado;Aguiar da Beira;Guarda;Centro;IDDGEG_CE_2807;IDDGEG_InfraestruturasEnergeticas;"49 296,16";"131 092,536"
"65 984,61";"99 510,23";1130;PRADOS; ;Licenciado;Guarda;Guarda;Centro;IDDGEG_CE_3052;IDDGEG_InfraestruturasEnergeticas;"65 984,613";"99 510,233"
"63 989,67";"97 009,21";1130;PRADOS; ;Licenciado;Celorico da Beira;Guarda;Centro;IDDGEG_CE_3053;IDDGEG_InfraestruturasEnergeticas;"63 989,674";"97 009,212"
"63 580,68";"96 884,21";1130;PRADOS; ;Licenciado;Guarda;Guarda;Centro;IDDGEG_CE_3054;IDDGEG_InfraestruturasEnergeticas;"63 580,679";"96 884,205"
"66 292,6";"100 034,24";1130;PRADOS; ;Licenciado;Celorico da Beira;Guarda;Centro;IDDGEG_CE_3055;IDDGEG_InfraestruturasEnergeticas;"66 292,6";"100 034,236"
"67 055,59";"100 315,25";1130;PRADOS; ;Licenciado;Guarda;Guarda;Centro;IDDGEG_CE_3057;IDDGEG_InfraestruturasEnergeticas;"67 055,59";"100 315,248"
"66 202,61";"99 743,24";1130;PRADOS; ;Licenciado;Guarda;Guarda;Centro;IDDGEG_CE_3058;IDDGEG_InfraestruturasEnergeticas;"66 202,607";"99 743,236"
"65 740,63";"98 657,23";1130;PRADOS; ;Licenciado;Guarda;Guarda;Centro;IDDGEG_CE_3048;IDDGEG_InfraestruturasEnergeticas;"65 740,63";"98 657,235"
"64 151,67";"97 278,21";1130;PRADOS; ;Licenciado;Celorico da Beira;Guarda;Centro;IDDGEG_CE_3042;IDDGEG_InfraestruturasEnergeticas;"64 151,667";"97 278,214"
"66 594,59";"100 223,24";1130;PRADOS; ;Licenciado;Celorico da Beira;Guarda;Centro;IDDGEG_CE_3056;IDDGEG_InfraestruturasEnergeticas;"66 594,595";"100 223,24"
"65 973,62";"99 201,24";1130;PRADOS; ;Licenciado;Guarda;Guarda;Centro;IDDGEG_CE_3051;IDDGEG_InfraestruturasEnergeticas;"65 973,619";"99 201,235"
"64 429,66";"97 484,22";1130;PRADOS; ;Licenciado;Celorico da Beira;Guarda;Centro;IDDGEG_CE_3043;IDDGEG_InfraestruturasEnergeticas;"64 429,662";"97 484,217"
"64 502,66";"97 769,22";1130;PRADOS; ;Licenciado;Celorico da Beira;Guarda;Centro;IDDGEG_CE_3044;IDDGEG_InfraestruturasEnergeticas;"64 502,656";"97 769,217"
"64 995,65";"98 041,22";1130;PRADOS; ;Licenciado;Celorico da Beira;Guarda;Centro;IDDGEG_CE_3045;IDDGEG_InfraestruturasEnergeticas;"64 995,647";"98 041,225"
"65 290,64";"98 218,23";1130;PRADOS; ;Licenciado;Guarda;Guarda;Centro;IDDGEG_CE_3046;IDDGEG_InfraestruturasEnergeticas;"65 290,642";"98 218,229"
"65 369,64";"98 529,23";1130;PRADOS; ;Licenciado;Celorico da Beira;Guarda;Centro;IDDGEG_CE_3047;IDDGEG_InfraestruturasEnergeticas;"65 369,635";"98 529,228"
"65 041,65";"97 732,23";1130;PRADOS; ;Licenciado;Guarda;Guarda;Centro;IDDGEG_CE_3049;IDDGEG_InfraestruturasEnergeticas;"65 041,653";"97 732,227"
"65 767,62";"98 963,23";1130;PRADOS; ;Licenciado;Celorico da Beira;Guarda;Centro;IDDGEG_CE_3050;IDDGEG_InfraestruturasEnergeticas;"65 767,624";"98 963,233"
"28 244";"104 448";1668;PSA ;;Em licenciamento;Mangualde;Viseu;Centro;IDDGEG_CE_3458;IDDGEG_InfraestruturasEnergeticas;"28 244";"104 448"
"82 708";"77 046";1180-S;RAIA;São Cornélio;Em licenciamento;Sabugal;Guarda;Centro;IDDGEG_CE_3637;IDDGEG_InfraestruturasEnergeticas;"82 708";"77 046"
"74 740,73";"85 387,73";1180;RAIA;;Licenciado;Guarda;Guarda;Centro;IDDGEG_CE_2482;IDDGEG_InfraestruturasEnergeticas;"74 740,727";"85 387,728"
"74 986,85";"85 174,51";1180;RAIA;;Licenciado;Guarda;Guarda;Centro;IDDGEG_CE_2481;IDDGEG_InfraestruturasEnergeticas;"74 986,85";"85 174,51"
"78 363,46";"72 933,81";1180;RAIA; ;Licenciado;Sabugal;Guarda;Centro;IDDGEG_CE_2531;IDDGEG_InfraestruturasEnergeticas;"78 363,46";"72 933,813"
"78 605,17";"72 837,09";1180;RAIA; ;Licenciado;Sabugal;Guarda;Centro;IDDGEG_CE_2532;IDDGEG_InfraestruturasEnergeticas;"78 605,169";"72 837,089"
"78 545,92";"72 419,47";1180;RAIA; ;Licenciado;Sabugal;Guarda;Centro;IDDGEG_CE_2533;IDDGEG_InfraestruturasEnergeticas;"78 545,922";"72 419,469"
"78 944,94";"72 461,09";1180;RAIA; ;Licenciado;Sabugal;Guarda;Centro;IDDGEG_CE_2534;IDDGEG_InfraestruturasEnergeticas;"78 944,935";"72 461,091"
"79 376,88";"72 549,81";1180;RAIA; ;Licenciado;Sabugal;Guarda;Centro;IDDGEG_CE_2535;IDDGEG_InfraestruturasEnergeticas;"79 376,88";"72 549,808"
"79 488,34";"72 850,67";1180;RAIA; ;Licenciado;Sabugal;Guarda;Centro;IDDGEG_CE_2536;IDDGEG_InfraestruturasEnergeticas;"79 488,337";"72 850,669"
"79 168,03";"72 834,66";1180;RAIA; ;Licenciado;Sabugal;Guarda;Centro;IDDGEG_CE_2537;IDDGEG_InfraestruturasEnergeticas;"79 168,032";"72 834,663"
"78 871,7";"72 789,68";1180;RAIA; ;Licenciado;Sabugal;Guarda;Centro;IDDGEG_CE_2538;IDDGEG_InfraestruturasEnergeticas;"78 871,701";"72 789,679"
"74 627,89";"85 124,87";1180;RAIA;;Licenciado;Guarda;Guarda;Centro;IDDGEG_CE_2483;IDDGEG_InfraestruturasEnergeticas;"74 627,892";"85 124,875"
"75 343,44";"85 367";1180;RAIA;;Licenciado;Guarda;Guarda;Centro;IDDGEG_CE_2484;IDDGEG_InfraestruturasEnergeticas;"75 343,436";"85 366,996"
"75 571";"85 315,84";1180;RAIA;;Licenciado;Guarda;Guarda;Centro;IDDGEG_CE_2485;IDDGEG_InfraestruturasEnergeticas;"75 571,004";"85 315,841"
"75 827,32";"85 148,52";1180;RAIA;;Licenciado;Guarda;Guarda;Centro;IDDGEG_CE_2486;IDDGEG_InfraestruturasEnergeticas;"75 827,32";"85 148,518"
"75 811,04";"84 847,27";1180;RAIA;;Licenciado;Guarda;Guarda;Centro;IDDGEG_CE_2487;IDDGEG_InfraestruturasEnergeticas;"75 811,036";"84 847,27"
"74 000,86";"83 926,67";1180;RAIA;;Licenciado;Sabugal;Guarda;Centro;IDDGEG_CE_2488;IDDGEG_InfraestruturasEnergeticas;"74 000,861";"83 926,669"
"73 745,98";"83 933,48";1180;RAIA;;Licenciado;Guarda;Guarda;Centro;IDDGEG_CE_2489;IDDGEG_InfraestruturasEnergeticas;"73 745,981";"83 933,478"
"74 060,2";"83 590,63";1180;RAIA;;Licenciado;Sabugal;Guarda;Centro;IDDGEG_CE_2490;IDDGEG_InfraestruturasEnergeticas;"74 060,198";"83 590,631"
"73 656,87";"83 185,49";1180;RAIA;;Licenciado;Guarda;Guarda;Centro;IDDGEG_CE_2491;IDDGEG_InfraestruturasEnergeticas;"73 656,872";"83 185,489"
"73 548,42";"82 648,49";1180;RAIA;;Licenciado;Guarda;Guarda;Centro;IDDGEG_CE_2492;IDDGEG_InfraestruturasEnergeticas;"73 548,419";"82 648,491"
"73 309";"82 655,3";1180;RAIA;;Licenciado;Guarda;Guarda;Centro;IDDGEG_CE_2493;IDDGEG_InfraestruturasEnergeticas;"73 309,005";"82 655,304"
"73 070,29";"81 970,44";1180;RAIA;;Licenciado;Belmonte;Castelo Branco;Centro;IDDGEG_CE_2494;IDDGEG_InfraestruturasEnergeticas;"73 070,291";"81 970,44"
"73 217,64";"82 362,05";1180;RAIA;;Licenciado;Belmonte;Castelo Branco;Centro;IDDGEG_CE_2495;IDDGEG_InfraestruturasEnergeticas;"73 217,642";"82 362,05"
"73 419,86";"83 961,48";1180;RAIA;;Licenciado;Guarda;Guarda;Centro;IDDGEG_CE_2496;IDDGEG_InfraestruturasEnergeticas;"73 419,859";"83 961,48"
"75 767,83";"84 582,52";1180;RAIA;;Licenciado;Guarda;Guarda;Centro;IDDGEG_CE_2497;IDDGEG_InfraestruturasEnergeticas;"75 767,832";"84 582,52"
"79 556,52";"81 414,84";1180;RAIA; ;Licenciado;Sabugal;Guarda;Centro;IDDGEG_CE_2498;IDDGEG_InfraestruturasEnergeticas;"79 556,52";"81 414,845"
"79 398,47";"81 563,14";1180;RAIA; ;Licenciado;Sabugal;Guarda;Centro;IDDGEG_CE_2499;IDDGEG_InfraestruturasEnergeticas;"79 398,467";"81 563,142"
"79 147,73";"81 755,97";1180;RAIA; ;Licenciado;Sabugal;Guarda;Centro;IDDGEG_CE_2500;IDDGEG_InfraestruturasEnergeticas;"79 147,733";"81 755,966"
"79 188,48";"82 038,74";1180;RAIA; ;Licenciado;Sabugal;Guarda;Centro;IDDGEG_CE_2501;IDDGEG_InfraestruturasEnergeticas;"79 188,478";"82 038,741"
"78 775,15";"82 309,32";1180;RAIA; ;Licenciado;Sabugal;Guarda;Centro;IDDGEG_CE_2502;IDDGEG_InfraestruturasEnergeticas;"78 775,15";"82 309,316"
"79 820,49";"81 976,6";1180;RAIA; ;Licenciado;Sabugal;Guarda;Centro;IDDGEG_CE_2503;IDDGEG_InfraestruturasEnergeticas;"79 820,495";"81 976,602"
"77 723,25";"77 443,28";1180;RAIA; ;Licenciado;Sabugal;Guarda;Centro;IDDGEG_CE_2504;IDDGEG_InfraestruturasEnergeticas;"77 723,254";"77 443,284"
"77 470,73";"77 560,33";1180;RAIA; ;Licenciado;Sabugal;Guarda;Centro;IDDGEG_CE_2505;IDDGEG_InfraestruturasEnergeticas;"77 470,73";"77 560,331"
"77 181,05";"77 570,28";1180;RAIA; ;Licenciado;Sabugal;Guarda;Centro;IDDGEG_CE_2506;IDDGEG_InfraestruturasEnergeticas;"77 181,054";"77 570,285"
"78 086,74";"78 078,83";1180;RAIA; ;Licenciado;Sabugal;Guarda;Centro;IDDGEG_CE_2507;IDDGEG_InfraestruturasEnergeticas;"78 086,738";"78 078,828"
"80 831,96";"81 894,72";1180;RAIA; ;Licenciado;Sabugal;Guarda;Centro;IDDGEG_CE_2508;IDDGEG_InfraestruturasEnergeticas;"80 831,96";"81 894,722"
"81 114,52";"81 845,59";1180;RAIA; ;Licenciado;Sabugal;Guarda;Centro;IDDGEG_CE_2509;IDDGEG_InfraestruturasEnergeticas;"81 114,515";"81 845,587"
"80 721,41";"81 341,9";1180;RAIA; ;Licenciado;Sabugal;Guarda;Centro;IDDGEG_CE_2510;IDDGEG_InfraestruturasEnergeticas;"80 721,405";"81 341,896"
"81 450,31";"81 595,8";1180;RAIA; ;Licenciado;Sabugal;Guarda;Centro;IDDGEG_CE_2511;IDDGEG_InfraestruturasEnergeticas;"81 450,309";"81 595,799"
"80 899,27";"75 821,12";1180;RAIA;São Cornélio;Licenciado;Sabugal;Guarda;Centro;IDDGEG_CE_2512;IDDGEG_InfraestruturasEnergeticas;"80 899,273";"75 821,116"
"79 894,04";"75 499,46";1180;RAIA;São Cornélio;Licenciado;Sabugal;Guarda;Centro;IDDGEG_CE_2513;IDDGEG_InfraestruturasEnergeticas;"79 894,04";"75 499,456"
"80 133,5";"75 443,11";1180;RAIA;São Cornélio;Licenciado;Sabugal;Guarda;Centro;IDDGEG_CE_2514;IDDGEG_InfraestruturasEnergeticas;"80 133,495";"75 443,107"
"80 416,98";"75 386,67";1180;RAIA;São Cornélio;Licenciado;Sabugal;Guarda;Centro;IDDGEG_CE_2515;IDDGEG_InfraestruturasEnergeticas;"80 416,976";"75 386,67"
"81 092,95";"76 388,68";1180;RAIA;São Cornélio;Licenciado;Sabugal;Guarda;Centro;IDDGEG_CE_2516;IDDGEG_InfraestruturasEnergeticas;"81 092,952";"76 388,676"
"81 578,24";"78 431,67";1180;RAIA;São Cornélio;Licenciado;Sabugal;Guarda;Centro;IDDGEG_CE_2517;IDDGEG_InfraestruturasEnergeticas;"81 578,243";"78 431,672"
"82 134";"78 242,62";1180;RAIA;São Cornélio;Licenciado;Sabugal;Guarda;Centro;IDDGEG_CE_2518;IDDGEG_InfraestruturasEnergeticas;"82 133,996";"78 242,619"
"83 238,85";"78 465,25";1180;RAIA;São Cornélio;Licenciado;Sabugal;Guarda;Centro;IDDGEG_CE_2519;IDDGEG_InfraestruturasEnergeticas;"83 238,852";"78 465,251"
"82 518,09";"77 997,97";1180;RAIA;São Cornélio;Licenciado;Sabugal;Guarda;Centro;IDDGEG_CE_2520;IDDGEG_InfraestruturasEnergeticas;"82 518,092";"77 997,975"
"82 269,93";"77 099,17";1180;RAIA;São Cornélio;Licenciado;Sabugal;Guarda;Centro;IDDGEG_CE_2521;IDDGEG_InfraestruturasEnergeticas;"82 269,931";"77 099,167"
"81 008,74";"76 846,07";1180;RAIA;São Cornélio;Licenciado;Sabugal;Guarda;Centro;IDDGEG_CE_2522;IDDGEG_InfraestruturasEnergeticas;"81 008,745";"76 846,073"
"81 277,31";"76 213,23";1180;RAIA;São Cornélio;Licenciado;Sabugal;Guarda;Centro;IDDGEG_CE_2523;IDDGEG_InfraestruturasEnergeticas;"81 277,311";"76 213,229"
"82 305,89";"75 785,87";1180;RAIA;São Cornélio;Licenciado;Sabugal;Guarda;Centro;IDDGEG_CE_2524;IDDGEG_InfraestruturasEnergeticas;"82 305,887";"75 785,867"
"79 681,23";"75 054,09";1180;RAIA;São Cornélio;Licenciado;Sabugal;Guarda;Centro;IDDGEG_CE_2525;IDDGEG_InfraestruturasEnergeticas;"79 681,225";"75 054,087"
"81 229,38";"75 816,74";1180;RAIA;São Cornélio;Licenciado;Sabugal;Guarda;Centro;IDDGEG_CE_2526;IDDGEG_InfraestruturasEnergeticas;"81 229,381";"75 816,741"
"81 842,33";"75 877,17";1180;RAIA;São Cornélio;Licenciado;Sabugal;Guarda;Centro;IDDGEG_CE_2527;IDDGEG_InfraestruturasEnergeticas;"81 842,333";"75 877,175"
"81 873,61";"75 460,63";1180;RAIA; ;Licenciado;Sabugal;Guarda;Centro;IDDGEG_CE_2528;IDDGEG_InfraestruturasEnergeticas;"81 873,606";"75 460,632"
"81 695,52";"78 235,83";1180;RAIA; ;Em licenciamento;Sabugal;Guarda;Centro;IDDGEG_CE_2529;IDDGEG_InfraestruturasEnergeticas;"81 695,522";"78 235,834"
"82 841,39";"77 876,11";1180;RAIA; ;Em licenciamento;Sabugal;Guarda;Centro;IDDGEG_CE_2530;IDDGEG_InfraestruturasEnergeticas;"82 841,395";"77 876,107"
"-40 351,55";"99 924,68";1505;RIABLADES;;Licenciado;Vagos;Aveiro;Centro;IDDGEG_CE_3462;IDDGEG_InfraestruturasEnergeticas;"-40 351,55";"99 924,68"
"105 107,3";"72 906,79";756;SERRA ALTA; ;Licenciado;Sabugal;Guarda;Centro;IDDGEG_CE_1168;IDDGEG_InfraestruturasEnergeticas;"105 107,3";"72 906,785"
"36 904,98";"66 256,94";698;SERRA DE ALVOAÇA; ;Licenciado;Seia;Guarda;Centro;IDDGEG_CE_1214;IDDGEG_InfraestruturasEnergeticas;"36 904,984";"66 256,936"
"36 038,49";"65 893,17";698;SERRA DE ALVOAÇA; ;Licenciado;Covilhã;Castelo Branco;Centro;IDDGEG_CE_63;IDDGEG_InfraestruturasEnergeticas;"36 038,488";"65 893,167"
"37 746,59";"66 644,8";698;SERRA DE ALVOAÇA; ;Licenciado;Covilhã;Castelo Branco;Centro;IDDGEG_CE_1218;IDDGEG_InfraestruturasEnergeticas;"37 746,591";"66 644,804"
"37 563,57";"66 552,05";698;SERRA DE ALVOAÇA; ;Licenciado;Covilhã;Castelo Branco;Centro;IDDGEG_CE_1217;IDDGEG_InfraestruturasEnergeticas;"37 563,566";"66 552,045"
"36 675,68";"66 176,17";698;SERRA DE ALVOAÇA; ;Licenciado;Covilhã;Castelo Branco;Centro;IDDGEG_CE_1213;IDDGEG_InfraestruturasEnergeticas;"36 675,685";"66 176,167"
"37 101,94";"66 316,53";698;SERRA DE ALVOAÇA; ;Licenciado;Covilhã;Castelo Branco;Centro;IDDGEG_CE_1215;IDDGEG_InfraestruturasEnergeticas;"37 101,942";"66 316,534"
"36 244,47";"66 001,76";698;SERRA DE ALVOAÇA; ;Licenciado;Covilhã;Castelo Branco;Centro;IDDGEG_CE_1211;IDDGEG_InfraestruturasEnergeticas;"36 244,47";"66 001,755"
"35 909,43";"65 711,88";698;SERRA DE ALVOAÇA; ;Licenciado;Covilhã;Castelo Branco;Centro;IDDGEG_CE_1833;IDDGEG_InfraestruturasEnergeticas;"35 909,427";"65 711,879"
"37 326,06";"66 414,35";698;SERRA DE ALVOAÇA; ;Licenciado;Covilhã;Castelo Branco;Centro;IDDGEG_CE_1216;IDDGEG_InfraestruturasEnergeticas;"37 326,062";"66 414,348"
"36 432,44";"66 089,54";698;SERRA DE ALVOAÇA; ;Licenciado;Covilhã;Castelo Branco;Centro;IDDGEG_CE_1212;IDDGEG_InfraestruturasEnergeticas;"36 432,44";"66 089,536"
"61 781,31";"101 209,94";714;SERRA DO RALO;SERRA DO RALO - VIDEMONTE;Licenciado;Celorico da Beira;Guarda;Centro;IDDGEG_CE_1130;IDDGEG_InfraestruturasEnergeticas;"61 781,306";"101 209,943"
"61 953,84";"101 382,1";714;SERRA DO RALO;SERRA DO RALO - VIDEMONTE;Licenciado;Celorico da Beira;Guarda;Centro;IDDGEG_CE_1129;IDDGEG_InfraestruturasEnergeticas;"61 953,839";"101 382,096"
"62 153,34";"101 591,96";714;SERRA DO RALO;SERRA DO RALO - VIDEMONTE;Licenciado;Celorico da Beira;Guarda;Centro;IDDGEG_CE_1128;IDDGEG_InfraestruturasEnergeticas;"62 153,337";"101 591,961"
"62 218,6";"101 806,58";714;SERRA DO RALO;SERRA DO RALO - VIDEMONTE;Licenciado;Celorico da Beira;Guarda;Centro;IDDGEG_CE_1127;IDDGEG_InfraestruturasEnergeticas;"62 218,598";"101 806,58"
"62 418,65";"102 246,28";714;SERRA DO RALO;SERRA DO RALO - VIDEMONTE;Licenciado;Celorico da Beira;Guarda;Centro;IDDGEG_CE_1125;IDDGEG_InfraestruturasEnergeticas;"62 418,652";"102 246,284"
"62 810,67";"102 842,65";714;SERRA DO RALO;SERRA DO RALO - VIDEMONTE;Licenciado;Celorico da Beira;Guarda;Centro;IDDGEG_CE_1122;IDDGEG_InfraestruturasEnergeticas;"62 810,669";"102 842,649"
"62 299,63";"102 018,36";714;SERRA DO RALO;SERRA DO RALO - VIDEMONTE;Licenciado;Celorico da Beira;Guarda;Centro;IDDGEG_CE_1126;IDDGEG_InfraestruturasEnergeticas;"62 299,626";"102 018,36"
"62 661,66";"102 614,48";714;SERRA DO RALO;SERRA DO RALO - VIDEMONTE;Licenciado;Celorico da Beira;Guarda;Centro;IDDGEG_CE_1123;IDDGEG_InfraestruturasEnergeticas;"62 661,659";"102 614,482"
"62 521,16";"102 447,52";714;SERRA DO RALO;SERRA DO RALO - VIDEMONTE;Licenciado;Celorico da Beira;Guarda;Centro;IDDGEG_CE_1124;IDDGEG_InfraestruturasEnergeticas;"62 521,155";"102 447,521"
"61 118,51";"100 207,97";714;SERRA DO RALO;SERRA DO RALO - VIDEMONTE;Licenciado;Celorico da Beira;Guarda;Centro;IDDGEG_CE_1;IDDGEG_InfraestruturasEnergeticas;"61 118,512";"100 207,966"
"63 246,07";"103 851,55";714-S;SERRA DO RALO;;Em licenciamento;Celorico da Beira;Guarda;Centro;IDDGEG_CE_3606;IDDGEG_InfraestruturasEnergeticas;"63 246,067";"103 851,547"
"63 015,95";"103 587,83";714-S;SERRA DO RALO;;Em licenciamento;Celorico da Beira;Guarda;Centro;IDDGEG_CE_3605;IDDGEG_InfraestruturasEnergeticas;"63 015,955";"103 587,832"
"60 788,67";"99 923,59";714;SERRA DO RALO;SERRA DO RALO - VIDEMONTE;Licenciado;Celorico da Beira;Guarda;Centro;IDDGEG_CE_1136;IDDGEG_InfraestruturasEnergeticas;"60 788,665";"99 923,595"
"60 905,42";"100 061,49";714;SERRA DO RALO;SERRA DO RALO - VIDEMONTE;Licenciado;Celorico da Beira;Guarda;Centro;IDDGEG_CE_1135;IDDGEG_InfraestruturasEnergeticas;"60 905,424";"100 061,49"
"61 225,3";"100 422,9";714;SERRA DO RALO;SERRA DO RALO - VIDEMONTE;Licenciado;Celorico da Beira;Guarda;Centro;IDDGEG_CE_1134;IDDGEG_InfraestruturasEnergeticas;"61 225,301";"100 422,899"
"61 274,04";"100 670,69";714;SERRA DO RALO;SERRA DO RALO - VIDEMONTE;Licenciado;Celorico da Beira;Guarda;Centro;IDDGEG_CE_1133;IDDGEG_InfraestruturasEnergeticas;"61 274,045";"100 670,688"
"61 397,02";"100 880,1";714;SERRA DO RALO;SERRA DO RALO - VIDEMONTE;Licenciado;Celorico da Beira;Guarda;Centro;IDDGEG_CE_1132;IDDGEG_InfraestruturasEnergeticas;"61 397,022";"100 880,103"
"61 573,18";"101 057,43";714;SERRA DO RALO;SERRA DO RALO - VIDEMONTE;Licenciado;Celorico da Beira;Guarda;Centro;IDDGEG_CE_1131;IDDGEG_InfraestruturasEnergeticas;"61 573,176";"101 057,426"
"80 537,48";"104 094,83";1549;SINCELO;;Licenciado;Pinhel;Guarda;Centro;IDDGEG_CE_3503;IDDGEG_InfraestruturasEnergeticas;"80 537,48";"104 094,83"
"80 281";"106 081";1549;SINCELO;;Licenciado;Pinhel;Guarda;Centro;IDDGEG_CE_3499;IDDGEG_InfraestruturasEnergeticas;"80 281";"106 081"
"80 333";"106 709";1549;SINCELO;;Licenciado;Pinhel;Guarda;Centro;IDDGEG_CE_3497;IDDGEG_InfraestruturasEnergeticas;"80 333";"106 709"
"79 958,53";"106 373,32";1549;SINCELO;;Licenciado;Pinhel;Guarda;Centro;IDDGEG_CE_3498;IDDGEG_InfraestruturasEnergeticas;"79 958,534";"106 373,324"
"80 310";"105 685";1549;SINCELO;;Licenciado;Pinhel;Guarda;Centro;IDDGEG_CE_3500;IDDGEG_InfraestruturasEnergeticas;"80 310";"105 685"
"79 947,64";"105 299,56";1549;SINCELO;;Licenciado;Guarda;Guarda;Centro;IDDGEG_CE_3501;IDDGEG_InfraestruturasEnergeticas;"79 947,638";"105 299,556"
"80 463,04";"104 688,59";1549;SINCELO;;Licenciado;Pinhel;Guarda;Centro;IDDGEG_CE_3502;IDDGEG_InfraestruturasEnergeticas;"80 463,043";"104 688,585"
"80 415,58";"103 700,95";1549;SINCELO;;Licenciado;Guarda;Guarda;Centro;IDDGEG_CE_3504;IDDGEG_InfraestruturasEnergeticas;"80 415,58";"103 700,95"
"80 298";"103 136";1549;SINCELO;;Licenciado;Guarda;Guarda;Centro;IDDGEG_CE_3506;IDDGEG_InfraestruturasEnergeticas;"80 298";"103 136"
"80 933,82";"103 307,8";1549;SINCELO;;Licenciado;Guarda;Guarda;Centro;IDDGEG_CE_3505;IDDGEG_InfraestruturasEnergeticas;"80 933,825";"103 307,797"
"81 022,63";"102 736,11";1549;SINCELO;;Licenciado;Guarda;Guarda;Centro;IDDGEG_CE_3507;IDDGEG_InfraestruturasEnergeticas;"81 022,629";"102 736,106"
"75 928";"103 916";1549;SINCELO;;Licenciado;Guarda;Guarda;Centro;IDDGEG_CE_3520;IDDGEG_InfraestruturasEnergeticas;"75 928,003";"103 916,002"
"76 341,01";"104 308,98";1549;SINCELO;;Licenciado;Guarda;Guarda;Centro;IDDGEG_CE_3519;IDDGEG_InfraestruturasEnergeticas;"76 341,008";"104 308,984"
"76 392,89";"104 820,86";1549;SINCELO;;Licenciado;Guarda;Guarda;Centro;IDDGEG_CE_3518;IDDGEG_InfraestruturasEnergeticas;"76 392,888";"104 820,857"
"76 761,11";"105 161,09";1549;SINCELO;;Licenciado;Guarda;Guarda;Centro;IDDGEG_CE_3517;IDDGEG_InfraestruturasEnergeticas;"76 761,112";"105 161,086"
"76 928,08";"105 481,97";1549;SINCELO;;Licenciado;Guarda;Guarda;Centro;IDDGEG_CE_3516;IDDGEG_InfraestruturasEnergeticas;"76 928,081";"105 481,97"
"76 799,73";"105 848,96";1549;SINCELO;;Licenciado;Guarda;Guarda;Centro;IDDGEG_CE_3515;IDDGEG_InfraestruturasEnergeticas;"76 799,732";"105 848,956"
"77 198,14";"106 648,52";1549;SINCELO;;Licenciado;Guarda;Guarda;Centro;IDDGEG_CE_3514;IDDGEG_InfraestruturasEnergeticas;"77 198,145";"106 648,516"
"77 401,06";"106 962,99";1549;SINCELO;;Licenciado;Guarda;Guarda;Centro;IDDGEG_CE_3513;IDDGEG_InfraestruturasEnergeticas;"77 401,063";"106 962,986"
"77 488,09";"107 359,98";1549;SINCELO;;Licenciado;Guarda;Guarda;Centro;IDDGEG_CE_3512;IDDGEG_InfraestruturasEnergeticas;"77 488,09";"107 359,978"
"78 128";"107 937";1549;SINCELO;;Licenciado;Guarda;Guarda;Centro;IDDGEG_CE_3511;IDDGEG_InfraestruturasEnergeticas;"78 128,005";"107 936,996"
"78 246,06";"108 273,94";1549;SINCELO;;Licenciado;Guarda;Guarda;Centro;IDDGEG_CE_3510;IDDGEG_InfraestruturasEnergeticas;"78 246,065";"108 273,944"
"82 393";"71 131";686;TERREIRO DAS BRUXAS;<Null>;Em licenciamento;Sabugal;Guarda;Centro;IDDGEG_CE_1144;IDDGEG_InfraestruturasEnergeticas;"82 393";"71 131"
"-58 216,78";"73 019,24";1067;TOCHA; ;Em licenciamento;Cantanhede;Coimbra;Centro;IDDGEG_CE_2320;IDDGEG_InfraestruturasEnergeticas;"-58 216,781";"73 019,242"
"-58 735,47";"72 326,43";1067;TOCHA; ;Em licenciamento;Cantanhede;Coimbra;Centro;IDDGEG_CE_2321;IDDGEG_InfraestruturasEnergeticas;"-58 735,472";"72 326,429"
"-57 887,79";"72 426,21";1067;TOCHA; ;Em licenciamento;Cantanhede;Coimbra;Centro;IDDGEG_CE_2322;IDDGEG_InfraestruturasEnergeticas;"-57 887,789";"72 426,212"
"-57 611,92";"73 105,67";1067;TOCHA; ;Em licenciamento;Cantanhede;Coimbra;Centro;IDDGEG_CE_2324;IDDGEG_InfraestruturasEnergeticas;"-57 611,921";"73 105,671"
"-58 225,67";"71 918,32";1067;TOCHA; ;Em licenciamento;Cantanhede;Coimbra;Centro;IDDGEG_CE_2323;IDDGEG_InfraestruturasEnergeticas;"-58 225,671";"71 918,325"
"-57 547,5";"77 987,69";1614;TOCHA II;;Licenciado;Cantanhede;Coimbra;Centro;IDDGEG_CE_3533;IDDGEG_InfraestruturasEnergeticas;"-57 547,503";"77 987,686"
"-55 851,93";"79 318,97";1614;TOCHA II;;Licenciado;Cantanhede;Coimbra;Centro;IDDGEG_CE_3536;IDDGEG_InfraestruturasEnergeticas;"-55 851,926";"79 318,975"
"-56 412,1";"79 470,5";1614;TOCHA II;;Licenciado;Cantanhede;Coimbra;Centro;IDDGEG_CE_3535;IDDGEG_InfraestruturasEnergeticas;"-56 412,103";"79 470,503"
"-57 265,62";"78 800,47";1614;TOCHA II;;Licenciado;Cantanhede;Coimbra;Centro;IDDGEG_CE_3534;IDDGEG_InfraestruturasEnergeticas;"-57 265,624";"78 800,474"
"-58 563,8";"75 059,06";1614;TOCHA II;;Licenciado;Cantanhede;Coimbra;Centro;IDDGEG_CE_3530;IDDGEG_InfraestruturasEnergeticas;"-58 563,797";"75 059,062"
"-58 059,26";"76 514,03";1614;TOCHA II;;Licenciado;Cantanhede;Coimbra;Centro;IDDGEG_CE_3531;IDDGEG_InfraestruturasEnergeticas;"-58 059,265";"76 514,032"
"-57 796,77";"77 269,76";1614;TOCHA II;;Licenciado;Cantanhede;Coimbra;Centro;IDDGEG_CE_3532;IDDGEG_InfraestruturasEnergeticas;"-57 796,768";"77 269,763"
"-58 310,9";"75 786,26";1614;TOCHA II;;Licenciado;Cantanhede;Coimbra;Centro;IDDGEG_CE_3538;IDDGEG_InfraestruturasEnergeticas;"-58 310,903";"75 786,262"
"-56 971,54";"79 622,65";1614;TOCHA II;;Licenciado;Cantanhede;Coimbra;Centro;IDDGEG_CE_3537;IDDGEG_InfraestruturasEnergeticas;"-56 971,544";"79 622,647"
"62 457,32";"131 155,92";795;TRANCOSO;TRANCOSO (LAGAR/PINGULINHA);Licenciado;Trancoso;Guarda;Centro;IDDGEG_CE_974;IDDGEG_InfraestruturasEnergeticas;"62 457,324";"131 155,919"
"62 280,27";"131 366";795;TRANCOSO;TRANCOSO (LAGAR/PINGULINHA);Licenciado;Trancoso;Guarda;Centro;IDDGEG_CE_395;IDDGEG_InfraestruturasEnergeticas;"62 280,27";"131 366"
"62 329,17";"130 918,66";795;TRANCOSO;TRANCOSO (LAGAR/PINGULINHA);Licenciado;Trancoso;Guarda;Centro;IDDGEG_CE_396;IDDGEG_InfraestruturasEnergeticas;"62 329,172";"130 918,663"
"70 024,74";"91 616,36";1333;VALE DE ESTRELA;;Licenciado;Guarda;Guarda;Centro;IDDGEG_CE_3162;IDDGEG_InfraestruturasEnergeticas;"70 024,736";"91 616,364"
"71 258,73";"91 518,39";1333;VALE DE ESTRELA;;Licenciado;Guarda;Guarda;Centro;IDDGEG_CE_3166;IDDGEG_InfraestruturasEnergeticas;"71 258,73";"91 518,388"
"70 926,73";"91 388,38";1333;VALE DE ESTRELA;;Licenciado;Guarda;Guarda;Centro;IDDGEG_CE_3167;IDDGEG_InfraestruturasEnergeticas;"70 926,734";"91 388,382"
"70 429,73";"92 011,37";1333;VALE DE ESTRELA;;Licenciado;Guarda;Guarda;Centro;IDDGEG_CE_3168;IDDGEG_InfraestruturasEnergeticas;"70 429,726";"92 011,369"
"69 124,74";"91 874,34";1333;VALE DE ESTRELA;;Licenciado;Guarda;Guarda;Centro;IDDGEG_CE_3163;IDDGEG_InfraestruturasEnergeticas;"69 124,737";"91 874,345"
"68 913,74";"91 694,34";1333;VALE DE ESTRELA;;Licenciado;Guarda;Guarda;Centro;IDDGEG_CE_3164;IDDGEG_InfraestruturasEnergeticas;"68 913,742";"91 694,342"
"68 561,75";"91 192,34";1333;VALE DE ESTRELA;;Licenciado;Guarda;Guarda;Centro;IDDGEG_CE_3160;IDDGEG_InfraestruturasEnergeticas;"68 561,754";"91 192,339"
"68 420,76";"90 913,34";1333;VALE DE ESTRELA;;Licenciado;Guarda;Guarda;Centro;IDDGEG_CE_3158;IDDGEG_InfraestruturasEnergeticas;"68 420,76";"90 913,338"
"68 813,75";"91 438,34";1333;VALE DE ESTRELA;;Licenciado;Guarda;Guarda;Centro;IDDGEG_CE_3159;IDDGEG_InfraestruturasEnergeticas;"68 813,747";"91 438,342"
"71 407,72";"91 930,39";1333;VALE DE ESTRELA;;Licenciado;Guarda;Guarda;Centro;IDDGEG_CE_3165;IDDGEG_InfraestruturasEnergeticas;"71 407,721";"91 930,388"
"70 189,73";"91 851,37";1333;VALE DE ESTRELA;;Licenciado;Guarda;Guarda;Centro;IDDGEG_CE_3161;IDDGEG_InfraestruturasEnergeticas;"70 189,73";"91 851,365"
